"","state","age_youngest","Wage","ChCare","Work","Pay"
"1",36,12,0,0,FALSE,FALSE
"2",36,8,277.136258660508,0,TRUE,FALSE
"3",36,2,131.639722863741,10,TRUE,TRUE
"4",36,11,0,0,FALSE,FALSE
"5",36,3,92.378752886836,0,TRUE,FALSE
"6",36,2,0,0,FALSE,FALSE
"7",36,5,241.570438799076,0,TRUE,FALSE
"8",36,2,461.89376443418,0,TRUE,FALSE
"9",36,2,182.909930715935,0,TRUE,FALSE
"10",36,2,145.034642032333,0,TRUE,FALSE
"11",36,10,0,0,FALSE,FALSE
"12",36,14,211.316397228637,0,TRUE,FALSE
"13",36,14,221.709006928406,0,TRUE,FALSE
"14",36,5,333.487297921478,39,TRUE,TRUE
"15",36,9,538.10623556582,110,TRUE,TRUE
"16",36,14,415.704387990762,0,TRUE,FALSE
"17",36,1,212.471131639723,0,TRUE,FALSE
"18",36,0,0,0,FALSE,FALSE
"19",36,11,138.568129330254,0,TRUE,FALSE
"20",36,10,199.538106235566,0,TRUE,FALSE
"21",36,4,0,25,FALSE,TRUE
"22",36,12,207.852193995381,0,TRUE,FALSE
"23",36,5,0,45,FALSE,TRUE
"24",36,11,0,0,FALSE,FALSE
"25",36,0,0,0,FALSE,FALSE
"26",36,2,369.515011547344,12,TRUE,TRUE
"27",36,10,190.300230946882,0,TRUE,FALSE
"28",36,5,277.136258660508,17,TRUE,TRUE
"29",36,5,0,0,FALSE,FALSE
"30",36,12,258.660508083141,0,TRUE,FALSE
"31",36,0,0,0,FALSE,FALSE
"32",36,12,0,0,FALSE,FALSE
"33",36,3,0,0,FALSE,FALSE
"34",36,6,0,0,FALSE,FALSE
"35",36,14,415.704387990762,0,TRUE,FALSE
"36",36,9,0,0,FALSE,FALSE
"37",36,7,277.136258660508,0,TRUE,FALSE
"38",36,14,221.709006928406,0,TRUE,FALSE
"39",36,0,0,0,FALSE,FALSE
"40",36,8,265.588914549654,0,TRUE,FALSE
"41",36,1,0,0,FALSE,FALSE
"42",36,12,92.378752886836,0,TRUE,FALSE
"43",36,3,0,0,FALSE,FALSE
"44",36,1,0,0,FALSE,FALSE
"45",36,4,251.270207852194,0,TRUE,FALSE
"46",36,2,0,0,FALSE,FALSE
"47",36,5,390.762124711316,0,TRUE,FALSE
"48",36,1,0,0,FALSE,FALSE
"49",15,6,0,0,FALSE,FALSE
"50",15,12,9.2378752886836,0,TRUE,FALSE
"51",15,0,0,0,FALSE,FALSE
"52",15,5,9.2378752886836,0,FALSE,FALSE
"53",15,1,260.739030023095,0,TRUE,FALSE
"54",15,7,461.89376443418,0,TRUE,FALSE
"55",15,13,859.122401847575,0,TRUE,FALSE
"56",15,0,0,0,TRUE,FALSE
"57",15,4,371.362586605081,0,FALSE,FALSE
"58",15,2,369.515011547344,10,TRUE,TRUE
"59",15,5,217.321016166282,0,TRUE,FALSE
"60",15,3,760.969976905312,0,TRUE,FALSE
"61",15,4,269.284064665127,0,TRUE,FALSE
"62",23,5,0,0,FALSE,FALSE
"63",23,3,206.928406466513,45,TRUE,TRUE
"64",23,10,500.230946882217,0,TRUE,FALSE
"65",23,1,0,0,FALSE,FALSE
"66",23,13,461.89376443418,0,TRUE,FALSE
"67",23,8,512.70207852194,0,TRUE,FALSE
"68",23,2,374.133949191686,0,TRUE,FALSE
"69",23,7,150.115473441109,0,TRUE,FALSE
"70",23,6,401.847575057737,35,TRUE,TRUE
"71",23,7,277.136258660508,0,TRUE,FALSE
"72",23,8,286.374133949192,35,TRUE,TRUE
"73",23,9,709.006928406466,25,TRUE,TRUE
"74",23,6,649.653579676674,1,TRUE,TRUE
"75",23,1,0,0,FALSE,FALSE
"76",23,1,258.660508083141,40,TRUE,TRUE
"77",23,1,0,0,FALSE,FALSE
"78",23,2,69.284064665127,0,TRUE,FALSE
"79",23,3,0,0,FALSE,FALSE
"80",23,0,145.496535796767,25,TRUE,TRUE
"81",23,1,0,0,FALSE,FALSE
"82",23,8,0,0,FALSE,FALSE
"83",23,2,0,0,FALSE,FALSE
"84",23,12,200.461893764434,0,TRUE,FALSE
"85",23,1,270.207852193995,0,TRUE,FALSE
"86",23,3,0,0,FALSE,FALSE
"87",23,1,206.928406466513,40,TRUE,TRUE
"88",23,5,609.237875288684,100,TRUE,TRUE
"89",23,10,666.974595842956,0,TRUE,FALSE
"90",23,4,0,5,FALSE,TRUE
"91",23,8,0,0,FALSE,FALSE
"92",23,2,0,0,FALSE,FALSE
"93",23,8,217.551963048499,0,TRUE,FALSE
"94",23,5,0,0,FALSE,FALSE
"95",23,6,0,0,FALSE,FALSE
"96",23,0,0,0,FALSE,FALSE
"97",23,14,207.852193995381,0,TRUE,FALSE
"98",23,7,408.314087759815,27,TRUE,TRUE
"99",23,6,366.743648960739,0,TRUE,FALSE
"100",23,7,115.473441108545,10,TRUE,TRUE
"101",23,0,456.35103926097,0,TRUE,FALSE
"102",23,10,438.799076212471,0,TRUE,FALSE
"103",23,14,406.466512702078,0,TRUE,FALSE
"104",23,12,0,0,FALSE,FALSE
"105",23,7,218.475750577367,36,TRUE,TRUE
"106",23,1,290.993071593534,0,TRUE,FALSE
"107",23,6,424.942263279446,50,TRUE,TRUE
"108",23,2,153.579676674365,55,TRUE,TRUE
"109",23,6,496.535796766744,65,TRUE,TRUE
"110",23,11,219.86143187067,0,TRUE,FALSE
"111",23,4,369.515011547344,50,TRUE,TRUE
"112",23,5,236.4896073903,0,TRUE,FALSE
"113",23,8,0,0,FALSE,FALSE
"114",23,13,0,0,FALSE,FALSE
"115",23,11,369.515011547344,0,FALSE,FALSE
"116",23,3,33.256351039261,0,TRUE,FALSE
"117",23,5,0,60,FALSE,TRUE
"118",23,11,0,0,FALSE,FALSE
"119",23,0,287.759815242494,0,TRUE,FALSE
"120",23,0,80.8314087759815,121,TRUE,TRUE
"121",23,1,420.785219399538,50,TRUE,TRUE
"122",23,14,346.651270207852,0,TRUE,FALSE
"123",7,0,0,0,FALSE,FALSE
"124",7,11,307.852193995381,0,TRUE,FALSE
"125",7,12,71.3625866050808,0,TRUE,FALSE
"126",7,3,203.233256351039,60,TRUE,TRUE
"127",7,5,600.461893764434,50,TRUE,TRUE
"128",7,7,129.33025404157,0,TRUE,FALSE
"129",7,1,178.752886836028,25,TRUE,TRUE
"130",7,10,247.806004618938,0,TRUE,FALSE
"131",7,9,0,0,FALSE,FALSE
"132",7,12,346.420323325635,0,TRUE,FALSE
"133",7,13,0,0,FALSE,FALSE
"134",7,14,236.4896073903,0,TRUE,FALSE
"135",7,3,76.2124711316397,78,FALSE,TRUE
"136",7,9,432.101616628176,0,TRUE,FALSE
"137",7,0,0,0,FALSE,FALSE
"138",7,1,173.210161662818,50,TRUE,TRUE
"139",7,4,193.995381062356,0,TRUE,FALSE
"140",7,8,43.8799076212471,43,TRUE,TRUE
"141",7,3,0,0,FALSE,FALSE
"142",7,1,175.981524249423,0,TRUE,FALSE
"143",7,4,286.374133949192,18,TRUE,TRUE
"144",7,2,187.759815242494,0,TRUE,FALSE
"145",29,5,538.568129330254,0,TRUE,FALSE
"146",29,4,53.1177829099307,0,TRUE,FALSE
"147",29,12,816.62817551963,0,TRUE,FALSE
"148",29,4,0,0,FALSE,FALSE
"149",29,12,181.75519630485,40,TRUE,TRUE
"150",29,9,119.630484988453,0,TRUE,FALSE
"151",29,1,0,0,FALSE,FALSE
"152",29,12,57.7367205542725,16,TRUE,TRUE
"153",29,14,197.690531177829,0,TRUE,FALSE
"154",29,2,0,0,FALSE,FALSE
"155",29,1,0,0,FALSE,FALSE
"156",29,0,147.344110854503,50,TRUE,TRUE
"157",29,7,0,0,FALSE,FALSE
"158",29,1,0,0,FALSE,FALSE
"159",29,8,69.284064665127,0,TRUE,FALSE
"160",29,3,0,0,FALSE,FALSE
"161",29,2,0,0,FALSE,FALSE
"162",29,0,254.041570438799,0,TRUE,FALSE
"163",29,4,346.420323325635,0,TRUE,FALSE
"164",29,2,0,0,FALSE,FALSE
"165",29,2,161.662817551963,0,TRUE,FALSE
"166",29,11,0,0,FALSE,FALSE
"167",29,2,0,0,FALSE,FALSE
"168",29,2,0,0,FALSE,FALSE
"169",29,13,0,0,FALSE,FALSE
"170",29,0,0,0,FALSE,FALSE
"171",29,8,410.161662817552,0,TRUE,FALSE
"172",29,6,0,0,FALSE,FALSE
"173",29,5,144.341801385681,50,TRUE,TRUE
"174",29,3,380.600461893764,75,TRUE,TRUE
"175",29,3,28.8683602771363,0,TRUE,FALSE
"176",29,10,0,0,FALSE,FALSE
"177",29,5,872.286374133949,100,TRUE,TRUE
"178",29,1,0,20,FALSE,TRUE
"179",29,11,0,0,FALSE,FALSE
"180",29,6,346.420323325635,0,TRUE,FALSE
"181",29,0,0,0,FALSE,FALSE
"182",29,3,0,0,FALSE,FALSE
"183",29,7,73.2101616628176,0,TRUE,FALSE
"184",29,7,0,0,FALSE,FALSE
"185",29,0,175.288683602771,0,TRUE,FALSE
"186",29,5,23.094688221709,100,FALSE,TRUE
"187",29,4,10.6235565819861,10,FALSE,TRUE
"188",29,4,0,0,FALSE,FALSE
"189",29,0,103.926096997691,20,TRUE,TRUE
"190",29,3,394.45727482679,60,TRUE,TRUE
"191",29,3,0,0,FALSE,FALSE
"192",29,6,184.757505773672,15,TRUE,TRUE
"193",29,11,0,0,FALSE,FALSE
"194",29,8,213.625866050808,0,TRUE,FALSE
"195",29,12,1137.18244803695,0,TRUE,FALSE
"196",29,2,0,0,FALSE,FALSE
"197",29,2,0,0,FALSE,FALSE
"198",29,2,0,0,FALSE,FALSE
"199",29,1,0,0,FALSE,FALSE
"200",29,7,57.7367205542725,0,TRUE,FALSE
"201",29,1,0,0,FALSE,FALSE
"202",29,3,230.94688221709,150,TRUE,TRUE
"203",29,12,218.475750577367,0,TRUE,FALSE
"204",29,4,0,0,FALSE,FALSE
"205",29,2,621.709006928406,0,TRUE,FALSE
"206",29,11,0,0,FALSE,FALSE
"207",29,11,0,0,FALSE,FALSE
"208",29,14,92.378752886836,0,FALSE,FALSE
"209",29,1,0,0,FALSE,FALSE
"210",29,9,0,0,FALSE,FALSE
"211",29,4,0,0,FALSE,FALSE
"212",29,1,0,0,FALSE,FALSE
"213",29,6,0,0,FALSE,FALSE
"214",29,9,0,0,FALSE,FALSE
"215",29,5,323.325635103926,0,TRUE,FALSE
"216",29,7,369.515011547344,0,TRUE,FALSE
"217",29,5,193.995381062356,0,TRUE,FALSE
"218",29,14,309.468822170901,0,TRUE,FALSE
"219",29,1,0,0,FALSE,FALSE
"220",29,1,0,0,FALSE,FALSE
"221",29,5,92.378752886836,0,TRUE,FALSE
"222",29,2,219.399538106236,0,TRUE,FALSE
"223",29,3,69.284064665127,150,TRUE,TRUE
"224",29,8,138.568129330254,0,TRUE,FALSE
"225",29,1,0,0,FALSE,FALSE
"226",29,5,675.288683602771,65,TRUE,TRUE
"227",29,0,0,0,FALSE,FALSE
"228",29,7,115.473441108545,0,TRUE,FALSE
"229",29,13,554.272517321016,0,TRUE,FALSE
"230",29,1,510.854503464203,0,TRUE,FALSE
"231",29,4,727.482678983834,120,TRUE,TRUE
"232",29,4,0,0,FALSE,FALSE
"233",29,7,277.136258660508,40,TRUE,TRUE
"234",29,3,0,0,FALSE,FALSE
"235",29,10,385.450346420323,20,TRUE,TRUE
"236",29,5,443.418013856813,0,TRUE,FALSE
"237",29,4,184.757505773672,0,TRUE,FALSE
"238",29,3,509.930715935335,0,TRUE,FALSE
"239",29,0,369.515011547344,0,TRUE,FALSE
"240",29,2,369.515011547344,0,TRUE,FALSE
"241",29,13,704.618937644342,0,TRUE,FALSE
"242",29,1,0,0,FALSE,FALSE
"243",29,0,0,0,FALSE,FALSE
"244",29,12,0,0,FALSE,FALSE
"245",29,9,0,0,FALSE,FALSE
"246",29,5,692.84064665127,0,TRUE,FALSE
"247",29,4,286.374133949192,60,TRUE,TRUE
"248",29,0,174.59584295612,0,TRUE,FALSE
"249",29,2,0,0,TRUE,FALSE
"250",29,0,0,25,FALSE,TRUE
"251",29,3,0,0,FALSE,FALSE
"252",29,6,412.933025404157,70,TRUE,TRUE
"253",29,4,0,0,TRUE,FALSE
"254",29,1,0,0,FALSE,FALSE
"255",29,0,0,0,FALSE,FALSE
"256",29,10,997.690531177829,0,TRUE,FALSE
"257",29,4,415.704387990762,125,TRUE,TRUE
"258",29,8,0,0,FALSE,FALSE
"259",29,0,0,0,FALSE,FALSE
"260",29,7,392.609699769053,0,TRUE,FALSE
"261",29,13,0,0,FALSE,FALSE
"262",29,8,0,0,FALSE,FALSE
"263",29,11,0,0,FALSE,FALSE
"264",29,11,0,0,FALSE,FALSE
"265",29,6,0,0,FALSE,FALSE
"266",29,12,1016.1662817552,0,TRUE,FALSE
"267",29,6,0,0,FALSE,FALSE
"268",29,13,274.826789838337,0,TRUE,FALSE
"269",29,6,387.990762124711,0,TRUE,FALSE
"270",29,0,0,0,FALSE,FALSE
"271",29,7,577.367205542725,0,TRUE,FALSE
"272",29,9,219.399538106236,0,TRUE,FALSE
"273",29,6,0,0,FALSE,FALSE
"274",29,6,296.535796766744,0,TRUE,FALSE
"275",29,0,0,0,FALSE,FALSE
"276",29,2,106.235565819861,15,TRUE,TRUE
"277",29,13,554.272517321016,0,TRUE,FALSE
"278",29,4,0,0,FALSE,FALSE
"279",29,4,634.642032332564,68,TRUE,TRUE
"280",29,1,0,0,FALSE,FALSE
"281",29,1,284.295612009238,65,TRUE,TRUE
"282",29,3,0,0,FALSE,FALSE
"283",29,3,145.496535796767,0,TRUE,FALSE
"284",29,2,0,0,FALSE,FALSE
"285",29,13,0,0,FALSE,FALSE
"286",29,8,66.5127020785219,20,TRUE,TRUE
"287",29,9,1020.78521939954,100,TRUE,TRUE
"288",29,7,78.9838337182448,0,TRUE,FALSE
"289",29,0,0,0,FALSE,FALSE
"290",29,2,0,0,FALSE,FALSE
"291",29,6,0,0,FALSE,FALSE
"292",29,4,0,0,FALSE,FALSE
"293",29,4,249.422632794457,240,TRUE,TRUE
"294",29,4,0,0,FALSE,FALSE
"295",29,4,46.189376443418,0,FALSE,FALSE
"296",29,3,0,0,FALSE,FALSE
"297",29,12,0,100,FALSE,TRUE
"298",29,3,418.937644341801,0,TRUE,FALSE
"299",29,6,0,0,FALSE,FALSE
"300",29,4,434.180138568129,80,TRUE,TRUE
"301",29,9,0,0,FALSE,FALSE
"302",29,10,0,0,FALSE,FALSE
"303",29,4,679.676674364896,60,TRUE,TRUE
"304",29,0,0,0,FALSE,FALSE
"305",29,2,0,0,FALSE,FALSE
"306",29,1,44.1108545034642,40,TRUE,TRUE
"307",29,8,0,0,FALSE,FALSE
"308",29,1,101.61662817552,50,TRUE,TRUE
"309",29,13,69.284064665127,2,TRUE,TRUE
"310",29,10,163.741339491917,11,TRUE,TRUE
"311",29,1,0,0,FALSE,FALSE
"312",29,6,314.087759815242,50,TRUE,TRUE
"313",29,11,0,0,FALSE,FALSE
"314",29,4,0,0,FALSE,FALSE
"315",29,8,1266.05080831409,155,TRUE,TRUE
"316",29,2,623.556581986143,0,TRUE,FALSE
"317",29,2,346.420323325635,0,TRUE,FALSE
"318",29,0,423.094688221709,110,TRUE,TRUE
"319",29,10,120.092378752887,0,TRUE,FALSE
"320",29,7,0,0,FALSE,FALSE
"321",29,3,0,0,FALSE,FALSE
"322",29,3,550.577367205543,0,TRUE,FALSE
"323",29,0,0,0,TRUE,FALSE
"324",29,6,28.8683602771363,0,TRUE,FALSE
"325",29,7,221.709006928406,60,TRUE,TRUE
"326",29,12,334.872979214781,0,TRUE,FALSE
"327",29,8,297.921478060046,0,TRUE,FALSE
"328",29,3,184.757505773672,82,TRUE,TRUE
"329",29,1,0,0,FALSE,FALSE
"330",29,1,184.757505773672,60,TRUE,TRUE
"331",29,0,277.136258660508,0,TRUE,FALSE
"332",29,10,0,0,FALSE,FALSE
"333",29,3,0,0,FALSE,FALSE
"334",29,7,327.944572748268,0,TRUE,FALSE
"335",29,4,0,0,FALSE,FALSE
"336",29,10,203.233256351039,10,TRUE,TRUE
"337",29,12,0,0,FALSE,FALSE
"338",29,1,0,0,FALSE,FALSE
"339",29,6,0,0,TRUE,FALSE
"340",29,8,469.284064665127,0,TRUE,FALSE
"341",29,5,92.378752886836,0,TRUE,FALSE
"342",29,2,461.89376443418,110,TRUE,TRUE
"343",29,9,221.709006928406,0,FALSE,FALSE
"344",29,5,0,0,FALSE,FALSE
"345",29,6,230.94688221709,0,TRUE,FALSE
"346",29,2,0,0,TRUE,FALSE
"347",29,1,0,0,FALSE,FALSE
"348",29,4,0,0,FALSE,FALSE
"349",29,12,389.145496535797,0,TRUE,FALSE
"350",29,3,95.3810623556582,0,TRUE,FALSE
"351",29,0,0,0,FALSE,FALSE
"352",29,8,0,0,FALSE,FALSE
"353",29,6,121.939953810624,18,TRUE,TRUE
"354",29,1,286.374133949192,38,TRUE,TRUE
"355",29,9,0,0,FALSE,FALSE
"356",29,8,96.9976905311778,0,TRUE,FALSE
"357",29,9,0,12,FALSE,TRUE
"358",29,5,425.40415704388,100,TRUE,TRUE
"359",29,3,0,0,FALSE,FALSE
"360",29,1,369.515011547344,50,TRUE,TRUE
"361",29,0,0,0,FALSE,FALSE
"362",29,7,0,0,FALSE,FALSE
"363",29,9,0,0,FALSE,FALSE
"364",29,8,0,0,FALSE,FALSE
"365",29,4,799.538106235566,107,TRUE,TRUE
"366",29,13,628.406466512702,40,TRUE,TRUE
"367",29,3,461.89376443418,57,TRUE,TRUE
"368",29,4,110.854503464203,50,TRUE,TRUE
"369",29,1,20.7852193995381,0,FALSE,FALSE
"370",29,6,0,0,FALSE,FALSE
"371",29,8,554.272517321016,1,TRUE,TRUE
"372",29,9,0,0,FALSE,FALSE
"373",29,2,0,0,FALSE,FALSE
"374",29,8,0,0,FALSE,FALSE
"375",29,4,0,0,FALSE,FALSE
"376",29,2,0,0,FALSE,FALSE
"377",29,3,0,0,FALSE,FALSE
"378",29,3,0,0,FALSE,FALSE
"379",29,7,0,0,TRUE,FALSE
"380",29,4,0,0,FALSE,FALSE
"381",29,10,207.852193995381,0,TRUE,FALSE
"382",29,2,0,0,FALSE,FALSE
"383",29,7,369.515011547344,0,TRUE,FALSE
"384",29,4,138.568129330254,6,TRUE,TRUE
"385",29,12,274.826789838337,0,TRUE,FALSE
"386",29,3,0,0,FALSE,FALSE
"387",29,13,267.898383371824,0,TRUE,FALSE
"388",29,3,0,0,FALSE,FALSE
"389",29,1,0,0,FALSE,FALSE
"390",29,11,267.898383371824,0,TRUE,FALSE
"391",29,1,0,50,FALSE,TRUE
"392",29,5,600.461893764434,40,TRUE,TRUE
"393",29,4,0,0,FALSE,FALSE
"394",29,11,762.124711316397,0,TRUE,FALSE
"395",29,6,304.849884526559,0,TRUE,FALSE
"396",29,1,0,0,FALSE,FALSE
"397",29,14,0,0,FALSE,FALSE
"398",29,5,538.10623556582,150,TRUE,TRUE
"399",29,3,230.94688221709,50,TRUE,TRUE
"400",29,14,46.189376443418,0,TRUE,FALSE
"401",29,5,0,21,FALSE,TRUE
"402",29,0,0,0,FALSE,FALSE
"403",29,8,0,0,FALSE,FALSE
"404",29,10,230.94688221709,0,TRUE,FALSE
"405",29,8,34.6420323325635,0,TRUE,FALSE
"406",29,1,254.041570438799,0,TRUE,FALSE
"407",29,0,0,0,FALSE,FALSE
"408",29,8,1454.96535796767,0,TRUE,FALSE
"409",29,1,43.8799076212471,0,TRUE,FALSE
"410",29,10,184.757505773672,0,TRUE,FALSE
"411",29,2,121.939953810624,40,TRUE,TRUE
"412",29,7,258.660508083141,0,TRUE,FALSE
"413",29,3,239.030023094688,0,TRUE,FALSE
"414",29,5,46.189376443418,0,TRUE,FALSE
"415",29,14,0,0,FALSE,FALSE
"416",29,7,0,0,FALSE,FALSE
"417",29,4,0,0,FALSE,FALSE
"418",29,2,115.473441108545,0,TRUE,FALSE
"419",29,0,0,0,FALSE,FALSE
"420",29,3,0,0,FALSE,FALSE
"421",29,9,218.013856812933,0,TRUE,FALSE
"422",29,13,498.845265588915,0,TRUE,FALSE
"423",29,12,18.4757505773672,0,TRUE,FALSE
"424",29,3,0,0,FALSE,FALSE
"425",29,3,0,0,FALSE,FALSE
"426",29,12,0,0,FALSE,FALSE
"427",29,0,7.15935334872979,0,FALSE,FALSE
"428",29,12,0,0,FALSE,FALSE
"429",29,4,0,0,FALSE,FALSE
"430",29,6,29.3302540415704,20,TRUE,TRUE
"431",29,8,277.136258660508,0,TRUE,FALSE
"432",29,0,0,0,FALSE,FALSE
"433",29,2,0,0,FALSE,FALSE
"434",29,12,323.325635103926,0,TRUE,FALSE
"435",29,4,193.995381062356,0,TRUE,FALSE
"436",29,7,623.556581986143,0,TRUE,FALSE
"437",29,5,0,0,FALSE,FALSE
"438",29,6,0,0,FALSE,FALSE
"439",29,1,0,0,FALSE,FALSE
"440",29,1,0,0,FALSE,FALSE
"441",29,4,318.706697459584,0,TRUE,FALSE
"442",29,13,0,0,FALSE,FALSE
"443",29,2,0,0,FALSE,FALSE
"444",29,6,369.515011547344,25,TRUE,TRUE
"445",29,4,258.660508083141,0,TRUE,FALSE
"446",29,3,92.378752886836,0,TRUE,FALSE
"447",29,5,0,0,FALSE,FALSE
"448",29,3,0,0,FALSE,FALSE
"449",29,1,175.519630484988,100,TRUE,TRUE
"450",29,2,0,1,FALSE,TRUE
"451",29,2,25.4041570438799,40,FALSE,TRUE
"452",29,11,212.471131639723,0,TRUE,FALSE
"453",29,12,0,55,FALSE,TRUE
"454",29,14,0,0,FALSE,FALSE
"455",29,9,461.89376443418,6,TRUE,TRUE
"456",29,9,0,0,FALSE,FALSE
"457",29,3,0,70,TRUE,TRUE
"458",29,6,0,0,FALSE,FALSE
"459",29,4,0,0,FALSE,FALSE
"460",29,0,0,25,FALSE,TRUE
"461",29,8,533.025404157044,0,TRUE,FALSE
"462",29,6,0,0,FALSE,FALSE
"463",29,14,110.854503464203,0,FALSE,FALSE
"464",29,8,221.709006928406,50,TRUE,TRUE
"465",29,1,0,0,FALSE,FALSE
"466",29,7,92.378752886836,0,TRUE,FALSE
"467",29,3,5.77367205542725,7,TRUE,TRUE
"468",29,5,277.136258660508,0,TRUE,FALSE
"469",29,3,221.709006928406,25,TRUE,TRUE
"470",29,12,240.184757505774,0,TRUE,FALSE
"471",29,12,258.660508083141,0,TRUE,FALSE
"472",29,13,0.23094688221709,25,TRUE,TRUE
"473",29,5,0,0,FALSE,FALSE
"474",29,3,0,50,FALSE,TRUE
"475",29,8,0,0,FALSE,FALSE
"476",29,11,0,0,FALSE,FALSE
"477",29,0,138.568129330254,0,TRUE,FALSE
"478",29,6,404.157043879908,70,TRUE,TRUE
"479",29,1,57.7367205542725,0,TRUE,FALSE
"480",29,1,0,0,FALSE,FALSE
"481",29,12,677.598152424942,0,TRUE,FALSE
"482",47,2,173.210161662818,0,TRUE,FALSE
"483",47,13,195.842956120092,0,TRUE,FALSE
"484",47,12,277.136258660508,0,TRUE,FALSE
"485",47,5,277.136258660508,0,TRUE,FALSE
"486",47,8,332.794457274827,5,TRUE,TRUE
"487",47,0,195.842956120092,0,TRUE,FALSE
"488",47,1,0,0,FALSE,FALSE
"489",47,13,161.662817551963,0,TRUE,FALSE
"490",47,8,304.849884526559,0,TRUE,FALSE
"491",47,1,184.757505773672,0,TRUE,FALSE
"492",47,5,581.986143187067,0,TRUE,FALSE
"493",47,0,0,0,FALSE,FALSE
"494",47,13,508.083140877598,3,TRUE,TRUE
"495",47,6,369.515011547344,0,TRUE,FALSE
"496",47,2,461.89376443418,0,TRUE,FALSE
"497",47,5,364.434180138568,90,TRUE,TRUE
"498",47,2,323.78752886836,0,TRUE,FALSE
"499",4,2,369.515011547344,0,TRUE,FALSE
"500",4,5,0,0,FALSE,FALSE
"501",4,2,103.926096997691,0,TRUE,FALSE
"502",4,1,0,0,FALSE,FALSE
"503",4,7,746.189376443418,0,TRUE,FALSE
"504",4,8,643.187066974596,0,TRUE,FALSE
"505",4,0,0,0,TRUE,FALSE
"506",4,2,278.983833718245,0,TRUE,FALSE
"507",4,13,0,0,TRUE,FALSE
"508",4,0,0,0,TRUE,FALSE
"509",4,4,299.769053117783,2,TRUE,TRUE
"510",4,6,0,0,FALSE,FALSE
"511",4,9,0,0,TRUE,FALSE
"512",4,5,486.143187066975,31,TRUE,TRUE
"513",4,0,393.995381062356,0,TRUE,FALSE
"514",4,2,138.568129330254,0,TRUE,FALSE
"515",4,7,0,0,TRUE,FALSE
"516",4,12,73.9030023094688,0,TRUE,FALSE
"517",4,11,584.757505773672,4,TRUE,TRUE
"518",4,11,43.8799076212471,0,TRUE,FALSE
"519",4,5,0,0,FALSE,FALSE
"520",4,9,799.538106235566,0,TRUE,FALSE
"521",4,12,448.960739030023,0,TRUE,FALSE
"522",4,5,321.478060046189,65,TRUE,TRUE
"523",4,4,258.660508083141,43,TRUE,TRUE
"524",4,0,0,0,FALSE,FALSE
"525",4,6,323.325635103926,0,TRUE,FALSE
"526",4,1,0,0,FALSE,FALSE
"527",4,14,333.487297921478,0,TRUE,FALSE
"528",4,2,369.515011547344,0,TRUE,FALSE
"529",4,5,328.868360277136,49,TRUE,TRUE
"530",4,6,124.711316397229,25,TRUE,TRUE
"531",44,6,0,0,FALSE,FALSE
"532",44,12,0,0,FALSE,FALSE
"533",44,2,0,0,FALSE,FALSE
"534",44,0,0,0,FALSE,FALSE
"535",44,6,377.598152424942,81,TRUE,TRUE
"536",44,13,266.050808314088,0,TRUE,FALSE
"537",44,1,0,0,FALSE,FALSE
"538",44,5,478.060046189376,31,TRUE,TRUE
"539",44,3,923.78752886836,0,TRUE,FALSE
"540",44,1,408.314087759815,32,TRUE,TRUE
"541",44,14,459.815242494226,0,TRUE,FALSE
"542",44,5,213.394919168591,0,TRUE,FALSE
"543",44,1,314.087759815242,90,TRUE,TRUE
"544",44,7,0,0,FALSE,FALSE
"545",44,3,0,0,FALSE,FALSE
"546",44,0,166.281755196305,0,TRUE,FALSE
"547",38,11,758.429561200924,0,TRUE,FALSE
"548",38,14,332.56351039261,15,TRUE,TRUE
"549",38,3,0,0,FALSE,FALSE
"550",38,0,0,0,FALSE,FALSE
"551",38,0,0,0,FALSE,FALSE
"552",38,0,0,0,FALSE,FALSE
"553",38,7,0,0,TRUE,FALSE
"554",38,2,161.662817551963,50,TRUE,TRUE
"555",38,2,0,0,FALSE,FALSE
"556",38,6,0,0,FALSE,FALSE
"557",38,0,271.593533487298,24,TRUE,TRUE
"558",12,0,0,0,FALSE,FALSE
"559",12,2,30.0230946882217,30,TRUE,TRUE
"560",12,13,999.769053117783,0,TRUE,FALSE
"561",12,9,515.011547344111,0,TRUE,FALSE
"562",12,6,175.519630484988,0,TRUE,FALSE
"563",12,1,518.706697459584,0,TRUE,FALSE
"564",12,2,375.288683602771,45,TRUE,TRUE
"565",12,4,118.937644341801,0,TRUE,FALSE
"566",12,2,0,0,FALSE,FALSE
"567",12,14,0,0,FALSE,FALSE
"568",12,10,0,0,FALSE,FALSE
"569",12,5,249.422632794457,0,TRUE,FALSE
"570",12,10,0,0,FALSE,FALSE
"571",12,10,0,0,FALSE,FALSE
"572",12,2,115.473441108545,0,TRUE,FALSE
"573",12,5,138.568129330254,40,TRUE,TRUE
"574",12,12,0,0,FALSE,FALSE
"575",12,8,369.515011547344,0,TRUE,FALSE
"576",12,8,461.89376443418,0,TRUE,FALSE
"577",12,9,0,0,TRUE,FALSE
"578",12,13,387.990762124711,0,TRUE,FALSE
"579",12,7,330.715935334873,0,TRUE,FALSE
"580",12,12,260.969976905312,0,TRUE,FALSE
"581",12,13,360.277136258661,0,TRUE,FALSE
"582",12,5,286.374133949192,0,TRUE,FALSE
"583",12,3,0,0,FALSE,FALSE
"584",12,12,0,0,FALSE,FALSE
"585",12,0,314.087759815242,100,TRUE,TRUE
"586",12,13,230.94688221709,6,TRUE,TRUE
"587",12,0,0,0,FALSE,FALSE
"588",12,7,221.709006928406,0,TRUE,FALSE
"589",12,2,249.422632794457,50,TRUE,TRUE
"590",12,14,128.868360277136,0,TRUE,FALSE
"591",12,9,0,0,FALSE,FALSE
"592",12,13,193.995381062356,6,TRUE,TRUE
"593",12,2,115.473441108545,0,TRUE,FALSE
"594",12,2,219.86143187067,0,TRUE,FALSE
"595",12,8,184.757505773672,0,TRUE,FALSE
"596",12,7,0,0,FALSE,FALSE
"597",12,2,0,0,FALSE,FALSE
"598",12,0,0,0,FALSE,FALSE
"599",12,13,0,0,FALSE,FALSE
"600",12,2,0,0,FALSE,FALSE
"601",12,11,0,0,TRUE,FALSE
"602",12,2,0,0,FALSE,FALSE
"603",12,6,0,0,FALSE,FALSE
"604",12,5,11.5473441108545,0,TRUE,FALSE
"605",12,0,57.7367205542725,0,TRUE,FALSE
"606",12,9,120.092378752887,50,TRUE,TRUE
"607",12,12,80.8314087759815,0,TRUE,FALSE
"608",12,12,212.471131639723,0,TRUE,FALSE
"609",12,0,0,0,FALSE,FALSE
"610",12,1,580.600461893764,0,TRUE,FALSE
"611",12,6,443.418013856813,0,TRUE,FALSE
"612",12,4,311.778290993072,72,TRUE,TRUE
"613",12,7,0,0,FALSE,FALSE
"614",12,8,228.406466512702,20,TRUE,TRUE
"615",12,1,0,0,FALSE,FALSE
"616",12,7,554.272517321016,0,TRUE,FALSE
"617",12,6,0,0,FALSE,FALSE
"618",12,11,221.709006928406,0,TRUE,FALSE
"619",12,10,369.515011547344,0,TRUE,FALSE
"620",12,14,572.286374133949,0,TRUE,FALSE
"621",12,3,145.496535796767,80,TRUE,TRUE
"622",12,9,0,0,FALSE,FALSE
"623",12,3,50.8083140877598,0,TRUE,FALSE
"624",12,4,277.136258660508,70,TRUE,TRUE
"625",12,9,96.0739030023095,0,TRUE,FALSE
"626",12,0,193.995381062356,0,TRUE,FALSE
"627",12,1,221.709006928406,0,TRUE,FALSE
"628",12,2,0,0,FALSE,FALSE
"629",12,8,0,0,FALSE,FALSE
"630",12,4,272.9792147806,0,TRUE,FALSE
"631",12,12,24.2494226327945,0,FALSE,FALSE
"632",12,1,0,0,FALSE,FALSE
"633",12,0,0,0,FALSE,FALSE
"634",12,2,161.662817551963,0,TRUE,FALSE
"635",12,3,230.94688221709,0,TRUE,FALSE
"636",12,13,230.94688221709,0,TRUE,FALSE
"637",12,11,452.655889145497,0,TRUE,FALSE
"638",12,10,0,0,FALSE,FALSE
"639",12,4,775.981524249423,65,TRUE,TRUE
"640",12,9,461.89376443418,0,TRUE,FALSE
"641",12,1,390.762124711316,0,TRUE,FALSE
"642",12,3,0,0,FALSE,FALSE
"643",12,12,372.748267898383,0,TRUE,FALSE
"644",12,12,0,0,FALSE,FALSE
"645",12,14,235.565819861432,0,TRUE,FALSE
"646",12,5,50.8083140877598,40,TRUE,TRUE
"647",12,0,0,0,FALSE,FALSE
"648",12,2,0,0,FALSE,FALSE
"649",12,3,103.926096997691,0,TRUE,FALSE
"650",12,9,0,0,FALSE,FALSE
"651",12,8,0,0,FALSE,FALSE
"652",12,0,0,0,FALSE,FALSE
"653",12,10,271.593533487298,30,TRUE,TRUE
"654",12,1,0,0,FALSE,FALSE
"655",12,0,0,0,FALSE,FALSE
"656",12,5,0,0,FALSE,FALSE
"657",12,1,0,0,FALSE,FALSE
"658",12,13,263.279445727483,0,TRUE,FALSE
"659",12,5,799.538106235566,70,TRUE,TRUE
"660",12,12,0,0,FALSE,FALSE
"661",12,13,0,0,FALSE,FALSE
"662",12,3,133.949191685912,0,TRUE,FALSE
"663",12,6,411.08545034642,10,TRUE,TRUE
"664",12,9,213.394919168591,0,TRUE,FALSE
"665",12,4,335.334872979215,50,TRUE,TRUE
"666",12,1,213.625866050808,55,TRUE,TRUE
"667",12,5,284.064665127021,65,TRUE,TRUE
"668",12,0,0,0,FALSE,FALSE
"669",12,4,221.709006928406,65,TRUE,TRUE
"670",12,0,0,0,FALSE,FALSE
"671",12,0,0,0,FALSE,FALSE
"672",12,8,0,0,TRUE,FALSE
"673",12,8,369.515011547344,15,TRUE,TRUE
"674",12,3,0,0,FALSE,FALSE
"675",12,14,207.852193995381,0,TRUE,FALSE
"676",12,4,0,2,FALSE,TRUE
"677",12,11,495.612009237875,85,TRUE,TRUE
"678",12,8,240.184757505774,0,TRUE,FALSE
"679",12,9,152.424942263279,0,TRUE,FALSE
"680",12,14,498.845265588915,2,TRUE,TRUE
"681",12,7,195.381062355658,0,TRUE,FALSE
"682",12,0,0,0,FALSE,FALSE
"683",14,11,106.928406466513,0,TRUE,FALSE
"684",14,2,0,78,FALSE,TRUE
"685",14,0,120.785219399538,8,TRUE,TRUE
"686",14,1,0,0,FALSE,FALSE
"687",14,3,0,0,FALSE,FALSE
"688",14,5,0,0,FALSE,FALSE
"689",14,14,0,0,FALSE,FALSE
"690",14,0,0,0,FALSE,FALSE
"691",14,7,175.519630484988,0,TRUE,FALSE
"692",14,12,371.593533487298,0,TRUE,FALSE
"693",14,5,323.325635103926,0,TRUE,FALSE
"694",14,8,0,0,FALSE,FALSE
"695",14,1,0,0,FALSE,FALSE
"696",14,9,346.420323325635,0,TRUE,FALSE
"697",14,10,207.852193995381,0,TRUE,FALSE
"698",14,1,0,0,FALSE,FALSE
"699",14,10,0,0,FALSE,FALSE
"700",14,6,109.699769053118,0,TRUE,FALSE
"701",14,4,0,0,FALSE,FALSE
"702",14,4,199.538106235566,35,TRUE,TRUE
"703",14,6,173.210161662818,0,FALSE,FALSE
"704",14,1,0,0,FALSE,FALSE
"705",14,4,385.68129330254,0,TRUE,FALSE
"706",14,1,0,0,FALSE,FALSE
"707",14,1,0,20,FALSE,TRUE
"708",14,13,369.515011547344,0,TRUE,FALSE
"709",14,6,473.441108545035,20,TRUE,TRUE
"710",14,4,338.10623556582,0,TRUE,FALSE
"711",14,8,369.515011547344,0,TRUE,FALSE
"712",14,14,184.757505773672,0,TRUE,FALSE
"713",14,11,277.136258660508,0,TRUE,FALSE
"714",14,0,0,0,FALSE,FALSE
"715",14,1,0,0,FALSE,FALSE
"716",14,2,531.177829099307,0,TRUE,FALSE
"717",14,8,0,0,FALSE,FALSE
"718",14,0,0,0,FALSE,FALSE
"719",14,1,0,13,FALSE,TRUE
"720",14,4,277.136258660508,13,TRUE,TRUE
"721",14,2,161.662817551963,55,TRUE,TRUE
"722",14,4,0,0,FALSE,FALSE
"723",14,5,387.990762124711,0,TRUE,FALSE
"724",14,5,0,0,FALSE,FALSE
"725",14,10,202.078521939954,5,TRUE,TRUE
"726",14,1,0,0,FALSE,FALSE
"727",14,7,435.103926096998,0,TRUE,FALSE
"728",14,12,0,0,FALSE,FALSE
"729",14,0,0,0,FALSE,FALSE
"730",14,1,157.043879907621,30,FALSE,TRUE
"731",14,5,267.898383371824,0,TRUE,FALSE
"732",14,2,0,0,FALSE,FALSE
"733",14,13,228.637413394919,0,FALSE,FALSE
"734",14,14,277.136258660508,0,TRUE,FALSE
"735",14,1,92.378752886836,0,TRUE,FALSE
"736",14,2,0,0,FALSE,FALSE
"737",14,11,295.612009237875,0,TRUE,FALSE
"738",14,12,500.230946882217,13,TRUE,TRUE
"739",14,6,369.515011547344,0,TRUE,FALSE
"740",14,7,223.556581986143,0,TRUE,FALSE
"741",14,4,57.7367205542725,0,TRUE,FALSE
"742",14,1,106.235565819861,0,TRUE,FALSE
"743",14,4,0,0,FALSE,FALSE
"744",14,11,157.96766743649,0,TRUE,FALSE
"745",14,5,314.087759815242,0,TRUE,FALSE
"746",14,14,0,0,FALSE,FALSE
"747",14,7,0,0,FALSE,FALSE
"748",14,10,0,0,FALSE,FALSE
"749",14,10,157.043879907621,0,TRUE,FALSE
"750",14,0,288.683602771363,10,TRUE,TRUE
"751",14,8,257.736720554272,15,TRUE,TRUE
"752",14,10,0,0,FALSE,FALSE
"753",14,11,0,0,FALSE,FALSE
"754",14,9,242.494226327945,0,TRUE,FALSE
"755",14,3,110.854503464203,0,TRUE,FALSE
"756",14,10,294.226327944573,0,TRUE,FALSE
"757",14,1,142.03233256351,70,TRUE,TRUE
"758",14,14,0,0,FALSE,FALSE
"759",14,13,0,0,FALSE,FALSE
"760",14,0,0,0,FALSE,FALSE
"761",14,1,0,0,FALSE,FALSE
"762",14,8,234.642032332564,0,TRUE,FALSE
"763",14,11,218.475750577367,0,TRUE,FALSE
"764",14,10,161.662817551963,0,TRUE,FALSE
"765",14,13,0,0,FALSE,FALSE
"766",14,6,221.709006928406,0,TRUE,FALSE
"767",14,11,22.8637413394919,0,FALSE,FALSE
"768",14,2,0,0,FALSE,FALSE
"769",14,13,230.94688221709,0,TRUE,FALSE
"770",14,3,0,0,FALSE,FALSE
"771",14,8,0,0,FALSE,FALSE
"772",14,4,277.136258660508,35,TRUE,TRUE
"773",14,2,55.4272517321016,0,TRUE,FALSE
"774",14,8,0,0,FALSE,FALSE
"775",14,11,387.990762124711,0,TRUE,FALSE
"776",14,0,295.612009237875,0,TRUE,FALSE
"777",14,4,338.337182448037,0,TRUE,FALSE
"778",14,1,110.854503464203,0,TRUE,FALSE
"779",48,0,203.233256351039,0,TRUE,FALSE
"780",33,6,118.937644341801,33,TRUE,TRUE
"781",33,4,92.378752886836,0,TRUE,FALSE
"782",33,11,386.605080831409,0,TRUE,FALSE
"783",33,3,0,25,TRUE,TRUE
"784",33,1,0,0,FALSE,FALSE
"785",33,4,282.678983833718,0,TRUE,FALSE
"786",33,11,47.3441108545035,0,TRUE,FALSE
"787",33,2,0,0,FALSE,FALSE
"788",33,1,0,0,FALSE,FALSE
"789",33,4,10207.6212471132,0,TRUE,FALSE
"790",33,7,267.898383371824,17,TRUE,TRUE
"791",33,11,578.290993071594,20,TRUE,TRUE
"792",33,14,288.683602771363,0,TRUE,FALSE
"793",33,12,92.378752886836,0,TRUE,FALSE
"794",27,2,0,85,FALSE,TRUE
"795",27,1,0,0,FALSE,FALSE
"796",27,9,437.875288683603,0,TRUE,FALSE
"797",27,7,443.418013856813,118,TRUE,TRUE
"798",27,14,1001.84757505774,0,TRUE,FALSE
"799",27,5,243.879907621247,0,TRUE,FALSE
"800",27,4,0,0,FALSE,FALSE
"801",27,0,0,0,FALSE,FALSE
"802",27,14,0,0,FALSE,FALSE
"803",27,7,600.461893764434,20,TRUE,TRUE
"804",27,4,369.515011547344,0,TRUE,FALSE
"805",27,1,0,0,FALSE,FALSE
"806",27,12,0,0,FALSE,FALSE
"807",27,5,0,0,FALSE,FALSE
"808",27,1,715.935334872979,0,TRUE,FALSE
"809",27,13,351.963048498845,0,TRUE,FALSE
"810",27,2,92.378752886836,150,TRUE,TRUE
"811",27,0,472.9792147806,0,TRUE,FALSE
"812",27,3,236.4896073903,0,TRUE,FALSE
"813",27,0,261.89376443418,0,TRUE,FALSE
"814",27,8,184.757505773672,0,TRUE,FALSE
"815",27,10,265.588914549654,0,TRUE,FALSE
"816",27,14,177.829099307159,0,TRUE,FALSE
"817",27,12,0,0,FALSE,FALSE
"818",27,10,55.4272517321016,0,TRUE,FALSE
"819",27,0,0,0,FALSE,FALSE
"820",27,5,147.806004618938,0,TRUE,FALSE
"821",27,2,0,0,FALSE,FALSE
"822",27,4,289.838337182448,10,TRUE,TRUE
"823",27,12,0,0,FALSE,FALSE
"824",27,5,221.709006928406,0,TRUE,FALSE
"825",27,1,0,0,FALSE,FALSE
"826",27,3,0,0,FALSE,FALSE
"827",27,8,1032.33256351039,35,TRUE,TRUE
"828",27,9,604.157043879908,0,TRUE,FALSE
"829",27,3,554.272517321016,0,TRUE,FALSE
"830",27,8,674.364896073903,50,TRUE,TRUE
"831",27,3,0,0,FALSE,FALSE
"832",27,11,604.157043879908,110,TRUE,TRUE
"833",27,7,0,0,FALSE,FALSE
"834",27,12,92.378752886836,0,TRUE,FALSE
"835",27,2,43.8799076212471,0,TRUE,FALSE
"836",27,4,378.752886836028,50,TRUE,TRUE
"837",27,0,0,0,FALSE,FALSE
"838",27,12,0,0,FALSE,FALSE
"839",27,6,0,0,FALSE,FALSE
"840",27,1,531.177829099307,0,TRUE,FALSE
"841",27,0,0,0,FALSE,FALSE
"842",27,9,443.418013856813,0,TRUE,FALSE
"843",27,11,234.180138568129,0,TRUE,FALSE
"844",27,10,147.806004618938,0,TRUE,FALSE
"845",27,1,796.766743648961,0,TRUE,FALSE
"846",27,12,554.272517321016,100,TRUE,TRUE
"847",27,12,666.512702078522,0,TRUE,FALSE
"848",27,2,0,0,FALSE,FALSE
"849",27,1,0,0,FALSE,FALSE
"850",27,0,166.281755196305,15,TRUE,TRUE
"851",27,2,0,0,FALSE,FALSE
"852",27,0,0,1,FALSE,TRUE
"853",27,9,230.94688221709,3,TRUE,TRUE
"854",27,9,508.083140877598,30,TRUE,TRUE
"855",27,1,0,0,FALSE,FALSE
"856",27,7,0,0,FALSE,FALSE
"857",27,0,46.189376443418,0,TRUE,FALSE
"858",27,2,258.660508083141,50,TRUE,TRUE
"859",27,14,0,0,FALSE,FALSE
"860",27,9,325.173210161663,0,TRUE,FALSE
"861",27,1,193.995381062356,30,TRUE,TRUE
"862",27,9,408.314087759815,0,TRUE,FALSE
"863",27,12,262.124711316397,0,TRUE,FALSE
"864",27,3,0,0,FALSE,FALSE
"865",27,7,0,0,FALSE,FALSE
"866",27,13,0,0,TRUE,FALSE
"867",27,5,0,0,FALSE,FALSE
"868",27,14,221.709006928406,0,TRUE,FALSE
"869",27,1,480.369515011547,0,TRUE,FALSE
"870",27,10,215.473441108545,0,TRUE,FALSE
"871",27,5,230.94688221709,0,TRUE,FALSE
"872",27,14,461.89376443418,0,TRUE,FALSE
"873",27,10,591.224018475751,70,TRUE,TRUE
"874",27,9,0,0,FALSE,FALSE
"875",27,2,0,0,FALSE,FALSE
"876",27,1,0,0,FALSE,FALSE
"877",27,11,597.690531177829,0,TRUE,FALSE
"878",27,11,258.660508083141,0,TRUE,FALSE
"879",27,1,0,0,FALSE,FALSE
"880",27,0,0,0,FALSE,FALSE
"881",27,5,168.129330254042,35,TRUE,TRUE
"882",27,4,0,0,FALSE,FALSE
"883",27,14,721.016166281755,0,TRUE,FALSE
"884",27,10,319.630484988453,0,TRUE,FALSE
"885",27,11,1141.80138568129,0,TRUE,FALSE
"886",27,13,443.418013856813,0,TRUE,FALSE
"887",27,6,0,0,FALSE,FALSE
"888",27,8,177.367205542725,127,TRUE,TRUE
"889",27,4,35.1039260969977,0,TRUE,FALSE
"890",27,4,230.94688221709,0,TRUE,FALSE
"891",27,2,0,0,FALSE,FALSE
"892",27,2,0,0,FALSE,FALSE
"893",27,13,9.2378752886836,0,TRUE,FALSE
"894",27,1,0,7,FALSE,TRUE
"895",27,4,0,0,FALSE,FALSE
"896",27,13,212.471131639723,0,TRUE,FALSE
"897",27,6,102.309468822171,20,TRUE,TRUE
"898",27,0,122.863741339492,125,TRUE,TRUE
"899",27,1,321.478060046189,30,TRUE,TRUE
"900",27,6,177.367205542725,127,TRUE,TRUE
"901",27,11,184.757505773672,0,TRUE,FALSE
"902",27,5,0,0,FALSE,FALSE
"903",27,11,39.4919168591224,0,TRUE,FALSE
"904",27,3,277.136258660508,0,TRUE,FALSE
"905",27,0,0,0,FALSE,FALSE
"906",27,11,390.762124711316,1,TRUE,TRUE
"907",27,9,445.727482678984,39,TRUE,TRUE
"908",27,0,0,0,FALSE,FALSE
"909",27,14,429.561200923788,5,TRUE,TRUE
"910",27,7,404.157043879908,0,TRUE,FALSE
"911",27,0,0,0,FALSE,FALSE
"912",27,3,103.926096997691,0,TRUE,FALSE
"913",27,1,219.399538106236,30,TRUE,TRUE
"914",27,4,785.219399538106,25,TRUE,TRUE
"915",27,2,351.039260969977,76,TRUE,TRUE
"916",27,1,129.33025404157,0,TRUE,FALSE
"917",27,11,295.612009237875,0,TRUE,FALSE
"918",27,4,242.03233256351,35,TRUE,TRUE
"919",27,4,0,0,FALSE,FALSE
"920",27,0,277.136258660508,50,TRUE,TRUE
"921",19,7,323.325635103926,0,TRUE,FALSE
"922",19,0,0,0,FALSE,FALSE
"923",19,9,0,0,FALSE,FALSE
"924",19,3,44.5727482678984,0,TRUE,FALSE
"925",19,8,0,0,FALSE,FALSE
"926",19,13,263.279445727483,0,FALSE,FALSE
"927",19,4,378.752886836028,0,TRUE,FALSE
"928",19,3,0,0,FALSE,FALSE
"929",19,4,378.752886836028,1,TRUE,TRUE
"930",19,4,277.136258660508,50,TRUE,TRUE
"931",19,4,222.863741339492,0,TRUE,FALSE
"932",19,0,138.568129330254,0,TRUE,FALSE
"933",19,5,0,15,FALSE,TRUE
"934",19,1,207.852193995381,0,TRUE,FALSE
"935",19,3,0,0,FALSE,FALSE
"936",19,4,0,0,FALSE,FALSE
"937",19,0,302.078521939954,25,TRUE,TRUE
"938",19,13,550.577367205543,0,TRUE,FALSE
"939",19,0,0,0,FALSE,FALSE
"940",19,8,548.729792147806,23,TRUE,TRUE
"941",19,13,383.37182448037,0,TRUE,FALSE
"942",19,2,0,0,FALSE,FALSE
"943",19,6,337.644341801386,0,TRUE,FALSE
"944",19,1,0,0,FALSE,FALSE
"945",19,3,310.392609699769,70,TRUE,TRUE
"946",19,2,0,0,FALSE,FALSE
"947",19,4,258.660508083141,60,TRUE,TRUE
"948",19,3,0,2,FALSE,TRUE
"949",19,9,417.551963048499,0,TRUE,FALSE
"950",19,2,0,0,FALSE,FALSE
"951",19,4,249.422632794457,0,TRUE,FALSE
"952",19,4,0,20,FALSE,TRUE
"953",19,4,277.136258660508,0,TRUE,FALSE
"954",19,1,0,0,FALSE,FALSE
"955",19,13,536.720554272517,0,TRUE,FALSE
"956",19,9,184.757505773672,0,TRUE,FALSE
"957",19,7,72.9792147806005,0,TRUE,FALSE
"958",19,5,554.272517321016,10,TRUE,TRUE
"959",19,6,0,0,FALSE,FALSE
"960",19,3,184.757505773672,0,TRUE,FALSE
"961",19,6,392.609699769053,23,TRUE,TRUE
"962",19,7,0,39,FALSE,TRUE
"963",19,5,508.083140877598,10,TRUE,TRUE
"964",19,8,0,65,FALSE,TRUE
"965",19,12,105.311778290993,0,TRUE,FALSE
"966",19,3,658.198614318707,240,TRUE,TRUE
"967",19,8,337.182448036951,25,TRUE,TRUE
"968",19,2,300.230946882217,23,TRUE,TRUE
"969",19,2,369.515011547344,85,TRUE,TRUE
"970",19,14,461.89376443418,0,TRUE,FALSE
"971",19,1,69.284064665127,6,TRUE,TRUE
"972",19,3,0,0,FALSE,FALSE
"973",19,10,0,0,FALSE,FALSE
"974",19,9,0,0,FALSE,FALSE
"975",19,9,702.078521939954,60,TRUE,TRUE
"976",19,0,0,0,FALSE,FALSE
"977",19,4,110.854503464203,0,TRUE,FALSE
"978",19,10,122.863741339492,25,TRUE,TRUE
"979",19,4,96.9976905311778,25,FALSE,TRUE
"980",19,4,459.122401847575,0,TRUE,FALSE
"981",19,9,92.378752886836,2,TRUE,TRUE
"982",19,7,942.263279445727,0,TRUE,FALSE
"983",19,0,196.304849884527,60,TRUE,TRUE
"984",19,1,213.394919168591,6,TRUE,TRUE
"985",19,1,0,0,FALSE,FALSE
"986",19,6,230.94688221709,25,TRUE,TRUE
"987",19,13,0,0,FALSE,FALSE
"988",19,4,172.748267898383,50,TRUE,TRUE
"989",19,3,369.515011547344,15,TRUE,TRUE
"990",2,10,293.764434180139,10,TRUE,TRUE
"991",2,0,927.020785219399,0,TRUE,FALSE
"992",2,14,415.704387990762,0,TRUE,FALSE
"993",2,6,34.6420323325635,0,TRUE,FALSE
"994",2,1,0,0,FALSE,FALSE
"995",2,6,323.325635103926,15,TRUE,TRUE
"996",2,12,34.6420323325635,0,TRUE,FALSE
"997",2,12,63.7413394919169,0,TRUE,FALSE
"998",2,9,615.935334872979,0,TRUE,FALSE
"999",2,7,646.651270207852,55,TRUE,TRUE
"1000",2,5,369.515011547344,25,TRUE,TRUE
"1001",2,4,0,19,FALSE,TRUE
"1002",2,0,0,0,FALSE,FALSE
"1003",2,8,332.56351039261,54,TRUE,TRUE
"1004",2,6,370.900692840647,30,TRUE,TRUE
"1005",43,10,240.184757505774,0,TRUE,FALSE
"1006",43,9,444.572748267898,0,TRUE,FALSE
"1007",43,1,53.1177829099307,0,TRUE,FALSE
"1008",43,8,323.325635103926,0,TRUE,FALSE
"1009",43,4,310.392609699769,20,TRUE,TRUE
"1010",43,4,228.175519630485,0,TRUE,FALSE
"1011",43,1,0,0,FALSE,FALSE
"1012",43,2,57.7367205542725,0,TRUE,FALSE
"1013",43,3,237.875288683603,5,TRUE,TRUE
"1014",43,5,115.473441108545,0,TRUE,FALSE
"1015",43,5,112.009237875289,0,FALSE,FALSE
"1016",43,1,0,0,FALSE,FALSE
"1017",43,13,184.757505773672,0,TRUE,FALSE
"1018",43,1,0,0,FALSE,FALSE
"1019",43,13,277.136258660508,0,TRUE,FALSE
"1020",43,6,125.173210161663,0,TRUE,FALSE
"1021",43,10,0,4,FALSE,TRUE
"1022",43,8,120.092378752887,0,TRUE,FALSE
"1023",43,12,339.722863741339,4,TRUE,TRUE
"1024",43,9,284.526558891455,0,TRUE,FALSE
"1025",43,0,32.3325635103926,0,TRUE,FALSE
"1026",18,8,306.697459584296,45,TRUE,TRUE
"1027",18,1,0,0,FALSE,FALSE
"1028",18,11,0,0,FALSE,FALSE
"1029",18,2,466.512702078522,0,TRUE,FALSE
"1030",18,8,255.889145496536,0,TRUE,FALSE
"1031",18,3,161.662817551963,0,TRUE,FALSE
"1032",18,1,0,0,FALSE,FALSE
"1033",18,0,0,0,FALSE,FALSE
"1034",18,12,0,0,FALSE,FALSE
"1035",18,13,0,0,FALSE,FALSE
"1036",18,7,0,5,TRUE,TRUE
"1037",18,2,173.210161662818,0,TRUE,FALSE
"1038",18,5,52.8868360277136,0,TRUE,FALSE
"1039",18,0,0,0,FALSE,FALSE
"1040",18,5,0,0,FALSE,FALSE
"1041",18,6,345.496535796767,0,TRUE,FALSE
"1042",18,7,0,0,FALSE,FALSE
"1043",18,0,0,0,FALSE,FALSE
"1044",18,2,280.831408775982,0,TRUE,FALSE
"1045",18,6,346.420323325635,0,TRUE,FALSE
"1046",18,0,655.889145496536,80,TRUE,TRUE
"1047",18,9,184.757505773672,0,TRUE,FALSE
"1048",18,1,0,0,FALSE,FALSE
"1049",18,3,0,0,FALSE,FALSE
"1050",18,0,0,0,FALSE,FALSE
"1051",18,5,0,0,FALSE,FALSE
"1052",18,1,164.434180138568,0,TRUE,FALSE
"1053",18,2,77.3672055427252,25,TRUE,TRUE
"1054",18,13,357.043879907621,0,TRUE,FALSE
"1055",18,3,223.094688221709,28,TRUE,TRUE
"1056",18,4,138.568129330254,0,TRUE,FALSE
"1057",18,6,0,0,FALSE,FALSE
"1058",18,4,78.5219399538106,0,FALSE,FALSE
"1059",18,14,138.568129330254,0,TRUE,FALSE
"1060",18,12,318.706697459584,0,TRUE,FALSE
"1061",18,0,0,0,FALSE,FALSE
"1062",18,13,230.94688221709,0,TRUE,FALSE
"1063",18,2,0,0,FALSE,FALSE
"1064",18,1,369.515011547344,0,TRUE,FALSE
"1065",18,5,0,0,FALSE,FALSE
"1066",18,0,0,0,FALSE,FALSE
"1067",18,1,369.284064665127,56,TRUE,TRUE
"1068",18,4,0,75,FALSE,TRUE
"1069",13,14,0,0,FALSE,FALSE
"1070",13,1,0,0,FALSE,FALSE
"1071",13,2,0,0,FALSE,FALSE
"1072",13,9,0,0,FALSE,FALSE
"1073",13,3,277.136258660508,70,TRUE,TRUE
"1074",13,2,157.274826789838,0,TRUE,FALSE
"1075",13,6,240.184757505774,0,TRUE,FALSE
"1076",13,5,243.879907621247,0,TRUE,FALSE
"1077",13,13,131.639722863741,0,TRUE,FALSE
"1078",13,7,572.748267898383,0,TRUE,FALSE
"1079",13,8,272.055427251732,0,TRUE,FALSE
"1080",13,0,0,0,FALSE,FALSE
"1081",13,13,461.89376443418,0,TRUE,FALSE
"1082",13,3,219.399538106236,40,FALSE,TRUE
"1083",13,5,0,0,FALSE,FALSE
"1084",13,5,207.852193995381,20,TRUE,TRUE
"1085",13,9,0,0,FALSE,FALSE
"1086",13,4,127.0207852194,15,TRUE,TRUE
"1087",13,11,230.94688221709,0,TRUE,FALSE
"1088",13,4,383.37182448037,200,TRUE,TRUE
"1089",13,13,0,0,FALSE,FALSE
"1090",13,1,0,0,FALSE,FALSE
"1091",13,3,0,0,FALSE,FALSE
"1092",13,4,329.33025404157,0,TRUE,FALSE
"1093",13,1,0,0,FALSE,FALSE
"1094",13,2,0,0,FALSE,FALSE
"1095",13,7,90.0692840646651,0,TRUE,FALSE
"1096",13,2,0,10,FALSE,TRUE
"1097",13,11,0,0,FALSE,FALSE
"1098",13,10,392.609699769053,53,TRUE,TRUE
"1099",13,9,0,0,FALSE,FALSE
"1100",13,0,0,60,FALSE,TRUE
"1101",13,7,175.519630484988,0,TRUE,FALSE
"1102",13,14,0,0,FALSE,FALSE
"1103",13,1,0,0,FALSE,FALSE
"1104",13,2,0,0,FALSE,FALSE
"1105",13,1,138.568129330254,0,TRUE,FALSE
"1106",13,13,295.612009237875,0,TRUE,FALSE
"1107",13,9,249.422632794457,57,TRUE,TRUE
"1108",13,7,0,0,FALSE,FALSE
"1109",13,6,0,0,FALSE,FALSE
"1110",13,4,0,0,FALSE,FALSE
"1111",13,0,0,0,FALSE,FALSE
"1112",13,13,0,0,FALSE,FALSE
"1113",13,2,0,0,FALSE,FALSE
"1114",13,7,110.854503464203,0,TRUE,FALSE
"1115",13,3,0,0,FALSE,FALSE
"1116",13,4,0,0,FALSE,FALSE
"1117",13,10,0,0,FALSE,FALSE
"1118",13,3,363.741339491917,0,TRUE,FALSE
"1119",13,12,0,0,FALSE,FALSE
"1120",13,12,41.5704387990762,0,TRUE,FALSE
"1121",13,4,0,0,FALSE,FALSE
"1122",13,3,0,10,FALSE,TRUE
"1123",13,12,110.854503464203,0,TRUE,FALSE
"1124",13,5,197.921478060046,0,FALSE,FALSE
"1125",13,5,0,0,FALSE,FALSE
"1126",13,7,369.515011547344,0,TRUE,FALSE
"1127",13,2,336.027713625866,40,TRUE,TRUE
"1128",13,4,0,5,FALSE,TRUE
"1129",13,0,196.304849884527,0,TRUE,FALSE
"1130",13,1,572.748267898383,0,TRUE,FALSE
"1131",13,3,1.38568129330254,130,TRUE,TRUE
"1132",13,14,161.662817551963,0,TRUE,FALSE
"1133",13,2,354.73441108545,17,TRUE,TRUE
"1134",13,4,206.466512702079,0,TRUE,FALSE
"1135",13,2,0,0,FALSE,FALSE
"1136",13,12,0,0,FALSE,FALSE
"1137",13,10,221.709006928406,0,TRUE,FALSE
"1138",13,2,0,0,FALSE,FALSE
"1139",13,14,410.623556581986,0,TRUE,FALSE
"1140",13,1,0,0,FALSE,FALSE
"1141",22,8,0,0,FALSE,FALSE
"1142",22,11,389.838337182448,0,TRUE,FALSE
"1143",22,14,115.473441108545,0,TRUE,FALSE
"1144",22,1,230.94688221709,0,TRUE,FALSE
"1145",22,0,0,0,FALSE,FALSE
"1146",22,4,369.515011547344,150,TRUE,TRUE
"1147",22,5,529.33025404157,166,TRUE,TRUE
"1148",22,1,92.378752886836,0,TRUE,FALSE
"1149",22,10,0,0,FALSE,FALSE
"1150",22,0,426.327944572748,0,TRUE,FALSE
"1151",22,13,945.727482678984,10,TRUE,TRUE
"1152",22,2,0,0,FALSE,FALSE
"1153",22,1,1624.94226327945,50,TRUE,TRUE
"1154",22,5,355.658198614319,166,TRUE,TRUE
"1155",22,8,485.450346420323,26,TRUE,TRUE
"1156",22,1,0,0,FALSE,FALSE
"1157",22,5,219.399538106236,70,TRUE,TRUE
"1158",22,0,18.4757505773672,0,TRUE,FALSE
"1159",22,1,0,0,FALSE,FALSE
"1160",22,8,517.321016166282,0,TRUE,FALSE
"1161",22,11,184.757505773672,0,TRUE,FALSE
"1162",22,4,685.450346420323,100,TRUE,TRUE
"1163",22,2,554.272517321016,60,TRUE,TRUE
"1164",22,12,147.806004618938,0,TRUE,FALSE
"1165",22,6,0,0,FALSE,FALSE
"1166",22,6,669.745958429561,0,TRUE,FALSE
"1167",22,1,0,0,FALSE,FALSE
"1168",22,13,0,0,FALSE,FALSE
"1169",22,4,0,70,FALSE,TRUE
"1170",22,2,184.757505773672,0,TRUE,FALSE
"1171",22,8,230.94688221709,22,TRUE,TRUE
"1172",22,4,0,0,FALSE,FALSE
"1173",22,13,103.926096997691,0,TRUE,FALSE
"1174",22,3,0,0,FALSE,FALSE
"1175",22,4,23.094688221709,150,TRUE,TRUE
"1176",22,10,0,0,FALSE,FALSE
"1177",22,4,0,0,FALSE,FALSE
"1178",22,2,230.94688221709,50,TRUE,TRUE
"1179",22,0,0,0,FALSE,FALSE
"1180",22,4,442.494226327945,0,TRUE,FALSE
"1181",22,10,0,0,FALSE,FALSE
"1182",9,8,721.939953810624,25,TRUE,TRUE
"1183",9,7,156.120092378753,0,TRUE,FALSE
"1184",9,10,0,0,FALSE,FALSE
"1185",9,2,0,0,FALSE,FALSE
"1186",9,14,159.815242494226,0,TRUE,FALSE
"1187",9,2,0,0,FALSE,FALSE
"1188",9,4,1709.00692840647,0,TRUE,FALSE
"1189",9,4,0,0,FALSE,FALSE
"1190",9,12,0,0,FALSE,FALSE
"1191",9,1,0,0,FALSE,FALSE
"1192",9,4,321.939953810624,9,TRUE,TRUE
"1193",9,4,293.302540415704,9,TRUE,TRUE
"1194",9,9,242.494226327945,0,FALSE,FALSE
"1195",9,5,0,0,FALSE,FALSE
"1196",9,10,0,0,FALSE,FALSE
"1197",9,1,0,0,FALSE,FALSE
"1198",9,4,0,0,FALSE,FALSE
"1199",9,4,0,20,FALSE,TRUE
"1200",9,5,295.612009237875,0,TRUE,FALSE
"1201",9,1,0,0,FALSE,FALSE
"1202",9,2,23.094688221709,150,TRUE,TRUE
"1203",9,9,155.196304849885,0,TRUE,FALSE
"1204",9,2,164.896073903002,0,TRUE,FALSE
"1205",9,5,0,18,FALSE,TRUE
"1206",9,12,0,0,FALSE,FALSE
"1207",9,8,244.803695150115,0,TRUE,FALSE
"1208",9,5,489.607390300231,186,TRUE,TRUE
"1209",9,5,46.189376443418,0,TRUE,FALSE
"1210",9,13,0,0,FALSE,FALSE
"1211",9,0,0,0,FALSE,FALSE
"1212",9,5,258.660508083141,50,TRUE,TRUE
"1213",9,3,64.6651270207852,0,TRUE,FALSE
"1214",9,7,0,0,FALSE,FALSE
"1215",9,11,0,0,FALSE,FALSE
"1216",31,3,184.757505773672,0,TRUE,FALSE
"1217",31,7,0,0,FALSE,FALSE
"1218",31,5,0,0,FALSE,FALSE
"1219",31,1,0,0,FALSE,FALSE
"1220",31,5,161.662817551963,75,TRUE,TRUE
"1221",31,5,203.233256351039,0,TRUE,FALSE
"1222",31,7,0,0,FALSE,FALSE
"1223",31,2,0,0,FALSE,FALSE
"1224",31,1,193.995381062356,0,TRUE,FALSE
"1225",31,13,22.1709006928406,0,TRUE,FALSE
"1226",31,0,0,0,FALSE,FALSE
"1227",31,0,0,0,FALSE,FALSE
"1228",31,0,0,0,FALSE,FALSE
"1229",31,13,0,0,FALSE,FALSE
"1230",31,2,0,0,FALSE,FALSE
"1231",31,5,277.136258660508,0,TRUE,FALSE
"1232",31,12,0,0,FALSE,FALSE
"1233",31,5,337.182448036951,0,TRUE,FALSE
"1234",31,9,0,0,FALSE,FALSE
"1235",31,5,46.189376443418,0,TRUE,FALSE
"1236",31,14,1279.6766743649,0,TRUE,FALSE
"1237",31,0,0,0,FALSE,FALSE
"1238",31,6,266.974595842956,17,TRUE,TRUE
"1239",31,1,138.568129330254,0,TRUE,FALSE
"1240",31,4,0,0,FALSE,FALSE
"1241",31,1,0,0,FALSE,FALSE
"1242",31,14,230.94688221709,0,TRUE,FALSE
"1243",31,3,155.196304849885,0,FALSE,FALSE
"1244",31,9,97.459584295612,0,TRUE,FALSE
"1245",31,7,152.424942263279,0,TRUE,FALSE
"1246",31,13,240.184757505774,0,TRUE,FALSE
"1247",31,13,0,13,FALSE,TRUE
"1248",31,3,287.29792147806,60,TRUE,TRUE
"1249",31,14,207.852193995381,0,TRUE,FALSE
"1250",31,13,128.406466512702,0,TRUE,FALSE
"1251",31,2,554.272517321016,126,TRUE,TRUE
"1252",31,10,87.7598152424942,0,TRUE,FALSE
"1253",31,6,111.316397228637,0,TRUE,FALSE
"1254",31,9,0,0,FALSE,FALSE
"1255",31,0,0,0,FALSE,FALSE
"1256",31,9,869.745958429561,50,TRUE,TRUE
"1257",31,5,138.568129330254,0,TRUE,FALSE
"1258",31,11,364.434180138568,0,TRUE,FALSE
"1259",31,11,846.651270207852,0,TRUE,FALSE
"1260",31,5,0,0,FALSE,FALSE
"1261",31,7,0,0,FALSE,FALSE
"1262",31,14,632.332563510393,0,TRUE,FALSE
"1263",31,13,221.709006928406,0,TRUE,FALSE
"1264",31,6,277.136258660508,10,TRUE,TRUE
"1265",31,6,0,0,FALSE,FALSE
"1266",31,3,173.210161662818,14,TRUE,TRUE
"1267",31,9,0,0,FALSE,FALSE
"1268",31,8,0,0,FALSE,FALSE
"1269",31,3,92.378752886836,0,TRUE,FALSE
"1270",31,9,230.94688221709,0,TRUE,FALSE
"1271",31,8,599.307159353349,20,TRUE,TRUE
"1272",31,0,0,0,FALSE,FALSE
"1273",31,3,504.387990762125,0,TRUE,FALSE
"1274",31,5,230.94688221709,0,TRUE,FALSE
"1275",31,0,27.7136258660508,0,TRUE,FALSE
"1276",31,1,415.704387990762,0,FALSE,FALSE
"1277",31,3,485.912240184757,0,TRUE,FALSE
"1278",31,8,392.609699769053,0,TRUE,FALSE
"1279",31,5,263.279445727483,0,TRUE,FALSE
"1280",31,7,259.122401847575,0,TRUE,FALSE
"1281",31,11,143.187066974596,0,TRUE,FALSE
"1282",31,4,176.443418013857,0,TRUE,FALSE
"1283",31,1,199.538106235566,0,TRUE,FALSE
"1284",31,1,0,0,FALSE,FALSE
"1285",31,3,258.660508083141,0,TRUE,FALSE
"1286",31,3,0,0,FALSE,FALSE
"1287",31,10,0,0,FALSE,FALSE
"1288",31,11,350.577367205543,0,TRUE,FALSE
"1289",31,2,0,0,FALSE,FALSE
"1290",31,12,0,0,FALSE,FALSE
"1291",31,0,0,0,FALSE,FALSE
"1292",31,12,0,0,FALSE,FALSE
"1293",31,11,461.89376443418,50,TRUE,TRUE
"1294",31,11,854.503464203233,0,TRUE,FALSE
"1295",31,1,115.473441108545,0,TRUE,FALSE
"1296",31,7,391.685912240185,50,TRUE,TRUE
"1297",31,8,76.905311778291,0,TRUE,FALSE
"1298",31,1,0,0,FALSE,FALSE
"1299",31,4,184.757505773672,0,TRUE,FALSE
"1300",31,0,0,2,FALSE,TRUE
"1301",31,7,0,0,FALSE,FALSE
"1302",31,0,0,0,FALSE,FALSE
"1303",31,7,600.461893764434,0,TRUE,FALSE
"1304",31,3,295.612009237875,0,TRUE,FALSE
"1305",31,5,0,0,FALSE,FALSE
"1306",31,3,0,0,FALSE,FALSE
"1307",31,1,10.161662817552,0,TRUE,FALSE
"1308",31,6,98.1524249422633,0,TRUE,FALSE
"1309",31,3,341.801385681293,0,TRUE,FALSE
"1310",31,10,45.7274826789838,55,TRUE,TRUE
"1311",31,0,0,0,FALSE,FALSE
"1312",31,6,0,0,FALSE,FALSE
"1313",31,9,0,0,FALSE,FALSE
"1314",31,1,387.990762124711,0,TRUE,FALSE
"1315",31,2,258.660508083141,0,TRUE,FALSE
"1316",31,3,114.087759815242,30,TRUE,TRUE
"1317",31,12,612.933025404157,18,TRUE,TRUE
"1318",31,1,0,0,FALSE,FALSE
"1319",31,14,307.15935334873,0,TRUE,FALSE
"1320",31,13,77.5981524249423,0,TRUE,FALSE
"1321",31,2,1217.09006928406,0,TRUE,FALSE
"1322",31,3,295.612009237875,0,TRUE,FALSE
"1323",31,3,0,0,FALSE,FALSE
"1324",31,0,0,0,FALSE,FALSE
"1325",31,13,435.565819861432,0,TRUE,FALSE
"1326",31,7,452.886836027714,3,TRUE,TRUE
"1327",31,1,348.267898383372,60,TRUE,TRUE
"1328",31,11,0,0,FALSE,FALSE
"1329",31,14,184.757505773672,0,TRUE,FALSE
"1330",31,4,0,0,FALSE,FALSE
"1331",31,0,9.2378752886836,0,FALSE,FALSE
"1332",31,3,92.378752886836,0,TRUE,FALSE
"1333",31,0,0,0,FALSE,FALSE
"1334",31,13,0,0,FALSE,FALSE
"1335",31,0,0,0,FALSE,FALSE
"1336",20,11,572.748267898383,0,TRUE,FALSE
"1337",20,2,0,0,FALSE,FALSE
"1338",20,14,0,7,FALSE,TRUE
"1339",20,0,0,0,FALSE,FALSE
"1340",20,9,533.025404157044,0,TRUE,FALSE
"1341",20,5,277.136258660508,0,TRUE,FALSE
"1342",20,12,0,0,FALSE,FALSE
"1343",20,14,155.889145496536,0,TRUE,FALSE
"1344",20,3,269.284064665127,120,TRUE,TRUE
"1345",20,12,400.923787528868,0,TRUE,FALSE
"1346",20,3,369.515011547344,80,TRUE,TRUE
"1347",20,1,0,0,FALSE,FALSE
"1348",20,3,0,0,FALSE,FALSE
"1349",20,7,508.083140877598,50,TRUE,TRUE
"1350",20,1,0,0,FALSE,FALSE
"1351",20,0,158.891454965358,0,TRUE,FALSE
"1352",20,8,230.94688221709,0,TRUE,FALSE
"1353",20,8,285.450346420323,0,TRUE,FALSE
"1354",20,6,0,8,FALSE,TRUE
"1355",20,3,387.990762124711,18,TRUE,TRUE
"1356",20,8,461.89376443418,66,TRUE,TRUE
"1357",20,0,0,0,FALSE,FALSE
"1358",20,1,0,0,FALSE,FALSE
"1359",20,4,0,60,FALSE,TRUE
"1360",20,1,0,0,FALSE,FALSE
"1361",20,9,0,4,FALSE,TRUE
"1362",20,2,0,0,FALSE,FALSE
"1363",46,0,157.043879907621,30,TRUE,TRUE
"1364",46,13,484.064665127021,0,TRUE,FALSE
"1365",46,7,208.775981524249,0,TRUE,FALSE
"1366",46,2,0,0,FALSE,FALSE
"1367",46,12,193.995381062356,0,TRUE,FALSE
"1368",46,7,0,0,FALSE,FALSE
"1369",46,8,790.762124711316,0,TRUE,FALSE
"1370",46,2,0,0,FALSE,FALSE
"1371",46,0,191.224018475751,50,TRUE,TRUE
"1372",46,11,240.184757505774,0,TRUE,FALSE
"1373",46,4,0,0,FALSE,FALSE
"1374",46,10,184.757505773672,0,TRUE,FALSE
"1375",46,6,293.302540415704,0,TRUE,FALSE
"1376",46,13,166.743648960739,2,TRUE,TRUE
"1377",46,0,72.0554272517321,33,TRUE,TRUE
"1378",46,5,0,0,FALSE,FALSE
"1379",46,2,0,0,FALSE,FALSE
"1380",46,3,254.041570438799,40,TRUE,TRUE
"1381",46,8,346.420323325635,25,TRUE,TRUE
"1382",46,3,0,0,FALSE,FALSE
"1383",46,4,193.995381062356,0,TRUE,FALSE
"1384",46,9,109.699769053118,0,TRUE,FALSE
"1385",46,4,0,0,FALSE,FALSE
"1386",46,8,0,0,FALSE,FALSE
"1387",46,0,0,0,FALSE,FALSE
"1388",46,5,186.143187066975,87,TRUE,TRUE
"1389",46,4,221.709006928406,25,TRUE,TRUE
"1390",46,6,0,0,FALSE,FALSE
"1391",46,1,0,0,TRUE,FALSE
"1392",46,3,0,0,TRUE,FALSE
"1393",46,1,0,0,FALSE,FALSE
"1394",46,9,0,0,FALSE,FALSE
"1395",46,12,254.041570438799,0,TRUE,FALSE
"1396",46,4,0,0,FALSE,FALSE
"1397",46,2,173.672055427252,30,TRUE,TRUE
"1398",46,1,277.136258660508,0,TRUE,FALSE
"1399",46,1,92.378752886836,52,TRUE,TRUE
"1400",46,5,0,0,FALSE,FALSE
"1401",46,13,360.969976905312,0,TRUE,FALSE
"1402",46,1,0,0,FALSE,FALSE
"1403",46,14,0,0,FALSE,FALSE
"1404",46,1,0,0,FALSE,FALSE
"1405",46,2,138.568129330254,0,TRUE,FALSE
"1406",46,0,0,0,FALSE,FALSE
"1407",46,2,377.829099307159,50,TRUE,TRUE
"1408",46,3,201.385681293303,101,TRUE,TRUE
"1409",46,1,230.94688221709,50,TRUE,TRUE
"1410",46,0,0,0,FALSE,FALSE
"1411",1,2,409.468822170901,0,TRUE,FALSE
"1412",1,7,142.725173210162,60,TRUE,TRUE
"1413",1,2,0,0,FALSE,FALSE
"1414",1,1,175.519630484988,0,TRUE,FALSE
"1415",1,3,230.94688221709,30,TRUE,TRUE
"1416",1,14,236.027713625866,0,TRUE,FALSE
"1417",1,9,146.651270207852,0,TRUE,FALSE
"1418",1,2,277.136258660508,40,TRUE,TRUE
"1419",1,11,346.420323325635,1,TRUE,TRUE
"1420",1,0,0,0,FALSE,FALSE
"1421",1,0,0,0,FALSE,FALSE
"1422",1,10,0,0,FALSE,FALSE
"1423",1,7,110.854503464203,0,TRUE,FALSE
"1424",1,13,484.988452655889,0,TRUE,FALSE
"1425",1,11,533.025404157044,118,TRUE,TRUE
"1426",1,7,165.819861431871,45,TRUE,TRUE
"1427",1,2,0,0,FALSE,FALSE
"1428",1,9,554.272517321016,0,TRUE,FALSE
"1429",1,2,184.757505773672,4,TRUE,TRUE
"1430",1,8,442.263279445727,55,TRUE,TRUE
"1431",1,10,0,0,FALSE,FALSE
"1432",1,3,326.789838337182,0,TRUE,FALSE
"1433",1,1,46.189376443418,50,TRUE,TRUE
"1434",1,6,295.381062355658,15,TRUE,TRUE
"1435",1,7,221.709006928406,0,TRUE,FALSE
"1436",1,9,0,0,FALSE,FALSE
"1437",1,4,0,0,FALSE,FALSE
"1438",1,4,184.757505773672,0,TRUE,FALSE
"1439",1,0,0,0,FALSE,FALSE
"1440",1,1,106.235565819861,55,TRUE,TRUE
"1441",1,0,0,0,FALSE,FALSE
"1442",1,12,346.420323325635,0,TRUE,FALSE
"1443",1,2,207.852193995381,65,TRUE,TRUE
"1444",1,7,350.346420323326,50,TRUE,TRUE
"1445",1,0,149.422632794457,0,TRUE,FALSE
"1446",1,4,0,0,FALSE,FALSE
"1447",1,9,247.113163972286,25,TRUE,TRUE
"1448",1,7,227.944572748268,0,TRUE,FALSE
"1449",1,11,392.609699769053,0,TRUE,FALSE
"1450",1,5,0,25,FALSE,TRUE
"1451",1,8,0,0,FALSE,FALSE
"1452",1,9,115.473441108545,8,TRUE,TRUE
"1453",1,11,385.219399538106,0,TRUE,FALSE
"1454",1,3,458.198614318707,0,TRUE,FALSE
"1455",1,4,0,0,TRUE,FALSE
"1456",1,6,158.429561200924,75,TRUE,TRUE
"1457",1,5,0,18,FALSE,TRUE
"1458",1,4,355.196304849885,30,TRUE,TRUE
"1459",1,0,171.362586605081,13,TRUE,TRUE
"1460",1,14,480.369515011547,0,TRUE,FALSE
"1461",1,5,146.651270207852,14,TRUE,TRUE
"1462",1,4,139.491916859122,1,TRUE,TRUE
"1463",1,1,0,0,FALSE,FALSE
"1464",1,10,0,0,FALSE,FALSE
"1465",1,6,183.37182448037,15,TRUE,TRUE
"1466",1,0,149.884526558891,40,TRUE,TRUE
"1467",1,13,253.348729792148,0,TRUE,FALSE
"1468",1,4,0,0,FALSE,FALSE
"1469",1,7,355.658198614319,0,TRUE,FALSE
"1470",1,14,0,0,FALSE,FALSE
"1471",1,3,0,20,FALSE,TRUE
"1472",1,4,83.1408775981524,85,TRUE,TRUE
"1473",1,8,180.13856812933,0,TRUE,FALSE
"1474",1,14,337.644341801386,0,TRUE,FALSE
"1475",1,5,0,0,FALSE,FALSE
"1476",1,5,0,0,FALSE,FALSE
"1477",1,6,74.8267898383372,0,TRUE,FALSE
"1478",1,9,0,0,FALSE,FALSE
"1479",1,12,344.110854503464,0,TRUE,FALSE
"1480",1,4,247.113163972286,20,TRUE,TRUE
"1481",1,6,295.612009237875,30,TRUE,TRUE
"1482",1,9,308.545034642032,0,TRUE,FALSE
"1483",1,12,731.408775981524,0,TRUE,FALSE
"1484",1,7,0,0,FALSE,FALSE
"1485",1,9,0,0,FALSE,FALSE
"1486",1,5,0,0,FALSE,FALSE
"1487",1,5,355.658198614319,50,TRUE,TRUE
"1488",42,2,0,0,FALSE,FALSE
"1489",42,0,71.1316397228637,4,FALSE,TRUE
"1490",42,9,0,0,FALSE,FALSE
"1491",42,4,170.438799076212,85,TRUE,TRUE
"1492",42,0,191.685912240185,0,TRUE,FALSE
"1493",42,10,277.136258660508,0,TRUE,FALSE
"1494",42,0,34.1801385681293,15,FALSE,TRUE
"1495",42,8,166.281755196305,0,TRUE,FALSE
"1496",42,13,440.184757505774,0,TRUE,FALSE
"1497",42,14,110.854503464203,0,TRUE,FALSE
"1498",42,14,339.953810623557,0,TRUE,FALSE
"1499",42,9,246.651270207852,10,TRUE,TRUE
"1500",42,2,0,50,FALSE,TRUE
"1501",42,6,207.852193995381,0,TRUE,FALSE
"1502",37,1,369.515011547344,20,TRUE,TRUE
"1503",37,5,0,0,FALSE,FALSE
"1504",37,5,247.113163972286,15,TRUE,TRUE
"1505",37,5,300.461893764434,30,TRUE,TRUE
"1506",37,8,594.688221709007,8,TRUE,TRUE
"1507",37,6,0,0,FALSE,FALSE
"1508",37,4,19.1685912240185,16,FALSE,TRUE
"1509",37,3,424.942263279446,40,TRUE,TRUE
"1510",16,0,18.4757505773672,40,FALSE,TRUE
"1511",16,11,0,0,FALSE,FALSE
"1512",16,0,0,0,FALSE,FALSE
"1513",16,4,0,20,FALSE,TRUE
"1514",16,3,187.528868360277,2,TRUE,TRUE
"1515",16,10,426.327944572748,30,TRUE,TRUE
"1516",16,5,295.150115473441,25,TRUE,TRUE
"1517",16,6,0,0,FALSE,FALSE
"1518",16,1,0,0,FALSE,FALSE
"1519",16,14,0,0,FALSE,FALSE
"1520",34,5,503.464203233256,0,TRUE,FALSE
"1521",34,0,221.709006928406,0,TRUE,FALSE
"1522",34,0,0,0,FALSE,FALSE
"1523",34,5,533.025404157044,0,TRUE,FALSE
"1524",34,14,0,0,FALSE,FALSE
"1525",34,1,0,0,FALSE,FALSE
"1526",34,6,233.256351039261,0,TRUE,FALSE
"1527",34,13,255.427251732102,12,TRUE,TRUE
"1528",34,14,208.083140877598,30,TRUE,TRUE
"1529",34,1,340.877598152425,20,TRUE,TRUE
"1530",24,2,0,0,FALSE,FALSE
"1531",24,0,0,0,FALSE,FALSE
"1532",24,3,13.3949191685912,0,TRUE,FALSE
"1533",24,10,0,0,FALSE,FALSE
"1534",24,10,196.304849884527,0,TRUE,FALSE
"1535",24,8,29.5612009237875,0,TRUE,FALSE
"1536",24,2,153.810623556582,0,TRUE,FALSE
"1537",24,2,104.387990762125,80,TRUE,TRUE
"1538",24,7,0,0,FALSE,FALSE
"1539",24,2,177.367205542725,0,TRUE,FALSE
"1540",24,2,258.660508083141,55,TRUE,TRUE
"1541",24,5,0,0,FALSE,FALSE
"1542",24,14,172.055427251732,0,TRUE,FALSE
"1543",24,1,84.0646651270208,0,FALSE,FALSE
"1544",24,4,284.064665127021,0,TRUE,FALSE
"1545",24,4,230.94688221709,8,TRUE,TRUE
"1546",24,10,856.35103926097,4,TRUE,TRUE
"1547",24,14,0,0,FALSE,FALSE
"1548",24,11,752.886836027714,0,TRUE,FALSE
"1549",24,6,784.295612009238,0,TRUE,FALSE
"1550",24,7,92.378752886836,78,TRUE,TRUE
"1551",24,0,0,0,FALSE,FALSE
"1552",24,3,0,0,FALSE,FALSE
"1553",24,5,0,0,FALSE,FALSE
"1554",24,9,193.995381062356,0,TRUE,FALSE
"1555",24,5,0,0,FALSE,FALSE
"1556",24,8,775.981524249423,0,TRUE,FALSE
"1557",24,8,229.099307159353,15,TRUE,TRUE
"1558",24,5,0,0,FALSE,FALSE
"1559",24,11,804.387990762125,24,TRUE,TRUE
"1560",24,0,254.041570438799,0,TRUE,FALSE
"1561",24,0,236.4896073903,0,TRUE,FALSE
"1562",24,1,87.5288683602771,0,TRUE,FALSE
"1563",24,7,0,0,FALSE,FALSE
"1564",24,9,0,0,FALSE,FALSE
"1565",24,5,0,0,TRUE,FALSE
"1566",24,0,212.471131639723,70,TRUE,TRUE
"1567",24,2,0,0,FALSE,FALSE
"1568",24,6,60.0461893764434,60,TRUE,TRUE
"1569",24,7,461.89376443418,0,TRUE,FALSE
"1570",24,0,0,0,FALSE,FALSE
"1571",24,11,203.233256351039,0,TRUE,FALSE
"1572",24,10,220.785219399538,0,TRUE,FALSE
"1573",24,1,163.5103926097,0,TRUE,FALSE
"1574",24,1,0,55,FALSE,TRUE
"1575",24,0,0,0,FALSE,FALSE
"1576",24,2,0,0,FALSE,FALSE
"1577",24,4,443.418013856813,0,TRUE,FALSE
"1578",24,6,497.459584295612,0,TRUE,FALSE
"1579",24,9,733.949191685912,0,TRUE,FALSE
"1580",24,11,523.325635103926,0,TRUE,FALSE
"1581",24,1,0,0,FALSE,FALSE
"1582",24,0,0,0,FALSE,FALSE
"1583",24,2,0,0,FALSE,FALSE
"1584",24,3,226.327944572748,0,TRUE,FALSE
"1585",24,11,151.732101616628,0,TRUE,FALSE
"1586",24,4,0,0,FALSE,FALSE
"1587",24,0,0,0,FALSE,FALSE
"1588",10,4,168.129330254042,40,TRUE,TRUE
"1589",10,1,151.501154734411,0,FALSE,FALSE
"1590",10,3,323.78752886836,0,TRUE,FALSE
"1591",10,0,0,40,FALSE,TRUE
"1592",10,11,207.852193995381,6,TRUE,TRUE
"1593",10,1,84.526558891455,108,TRUE,TRUE
"1594",10,10,0,0,FALSE,FALSE
"1595",10,8,299.538106235566,0,TRUE,FALSE
"1596",10,7,481.524249422633,0,TRUE,FALSE
"1597",10,14,11.0854503464203,0,TRUE,FALSE
"1598",10,4,0,0,FALSE,FALSE
"1599",30,6,249.422632794457,0,TRUE,FALSE
"1600",30,8,0,0,FALSE,FALSE
"1601",30,7,0,0,FALSE,FALSE
"1602",30,2,0,0,FALSE,FALSE
"1603",30,6,130.023094688222,8,TRUE,TRUE
"1604",30,14,323.325635103926,0,TRUE,FALSE
"1605",30,10,0,0,FALSE,FALSE
"1606",30,14,0,0,FALSE,FALSE
"1607",30,4,0,0,FALSE,FALSE
"1608",30,2,0,0,FALSE,FALSE
"1609",30,7,0,0,FALSE,FALSE
"1610",30,1,0,120,FALSE,TRUE
"1611",30,7,0,0,FALSE,FALSE
"1612",30,2,248.498845265589,0,TRUE,FALSE
"1613",30,2,193.995381062356,0,TRUE,FALSE
"1614",30,1,0,0,FALSE,FALSE
"1615",30,10,138.568129330254,0,TRUE,FALSE
"1616",30,2,0,0,FALSE,FALSE
"1617",30,13,681.293302540416,0,TRUE,FALSE
"1618",30,2,0,0,FALSE,FALSE
"1619",30,1,217.090069284065,60,TRUE,TRUE
"1620",30,1,932.56351039261,45,TRUE,TRUE
"1621",30,6,0,0,FALSE,FALSE
"1622",30,2,161.662817551963,40,TRUE,TRUE
"1623",30,7,623.556581986143,17,TRUE,TRUE
"1624",30,11,0,0,FALSE,FALSE
"1625",30,7,404.157043879908,0,TRUE,FALSE
"1626",30,0,0,0,FALSE,FALSE
"1627",30,0,0,0,FALSE,FALSE
"1628",30,1,0,0,FALSE,FALSE
"1629",30,4,0,0,FALSE,FALSE
"1630",30,7,0,0,FALSE,FALSE
"1631",30,12,310.623556581986,0,TRUE,FALSE
"1632",30,7,0,0,FALSE,FALSE
"1633",30,1,362.124711316397,35,TRUE,TRUE
"1634",30,9,265.588914549654,0,TRUE,FALSE
"1635",30,11,302.078521939954,0,TRUE,FALSE
"1636",30,11,357.505773672055,0,TRUE,FALSE
"1637",30,3,0,15,FALSE,TRUE
"1638",30,2,0,0,FALSE,FALSE
"1639",30,6,0,0,FALSE,FALSE
"1640",30,2,0,0,FALSE,FALSE
"1641",30,10,0,0,FALSE,FALSE
"1642",30,2,0,0,FALSE,FALSE
"1643",30,5,0,0,FALSE,FALSE
"1644",30,10,311.778290993072,0,TRUE,FALSE
"1645",30,11,21.7090069284065,0,TRUE,FALSE
"1646",30,7,0,0,FALSE,FALSE
"1647",30,4,0,0,FALSE,FALSE
"1648",30,7,0,0,FALSE,FALSE
"1649",30,0,722.863741339492,0,TRUE,FALSE
"1650",30,7,46.189376443418,0,TRUE,FALSE
"1651",30,6,0,0,FALSE,FALSE
"1652",30,3,0,0,FALSE,FALSE
"1653",30,1,0,0,FALSE,FALSE
"1654",30,4,0,0,FALSE,FALSE
"1655",30,1,242.494226327945,0,TRUE,FALSE
"1656",30,5,0,0,FALSE,FALSE
"1657",30,0,0,0,FALSE,FALSE
"1658",30,10,381.986143187067,40,TRUE,TRUE
"1659",30,2,554.272517321016,0,TRUE,FALSE
"1660",30,0,0,0,FALSE,FALSE
"1661",30,11,221.709006928406,0,TRUE,FALSE
"1662",30,9,554.272517321016,0,TRUE,FALSE
"1663",30,2,0,0,FALSE,FALSE
"1664",30,5,312.70207852194,0,TRUE,FALSE
"1665",30,5,0,50,FALSE,TRUE
"1666",30,2,46.189376443418,0,TRUE,FALSE
"1667",30,10,5.77367205542725,0,TRUE,FALSE
"1668",30,1,318.24480369515,0,TRUE,FALSE
"1669",30,6,157.043879907621,0,TRUE,FALSE
"1670",30,6,0,17,FALSE,TRUE
"1671",30,10,0,0,TRUE,FALSE
"1672",30,3,138.568129330254,0,TRUE,FALSE
"1673",30,1,0,0,FALSE,FALSE
"1674",30,0,0,0,FALSE,FALSE
"1675",30,1,0,0,FALSE,FALSE
"1676",30,5,106.235565819861,60,TRUE,TRUE
"1677",30,6,0,0,FALSE,FALSE
"1678",30,6,1012.47113163972,0,TRUE,FALSE
"1679",30,3,0,0,FALSE,FALSE
"1680",30,1,0,0,FALSE,FALSE
"1681",30,3,0,0,FALSE,FALSE
"1682",30,2,0,0,FALSE,FALSE
"1683",30,13,230.94688221709,0,TRUE,FALSE
"1684",30,3,0,0,FALSE,FALSE
"1685",30,5,0,0,FALSE,FALSE
"1686",30,10,346.420323325635,0,TRUE,FALSE
"1687",30,1,0,0,FALSE,FALSE
"1688",30,1,184.757505773672,0,TRUE,FALSE
"1689",30,14,0,0,FALSE,FALSE
"1690",30,14,0,0,FALSE,FALSE
"1691",30,5,710.392609699769,0,TRUE,FALSE
"1692",30,5,0,0,FALSE,FALSE
"1693",30,1,0,0,FALSE,FALSE
"1694",30,6,0,0,FALSE,FALSE
"1695",30,13,411.547344110855,0,TRUE,FALSE
"1696",30,11,0,0,FALSE,FALSE
"1697",30,13,210.623556581986,0,TRUE,FALSE
"1698",30,2,0,10,FALSE,TRUE
"1699",30,2,0,0,FALSE,FALSE
"1700",30,5,249.884526558891,0,TRUE,FALSE
"1701",30,4,101.61662817552,0,TRUE,FALSE
"1702",30,0,0,0,FALSE,FALSE
"1703",30,13,92.378752886836,0,TRUE,FALSE
"1704",30,1,0,0,FALSE,FALSE
"1705",30,7,80.8314087759815,0,TRUE,FALSE
"1706",30,13,533.025404157044,0,TRUE,FALSE
"1707",30,6,491.916859122402,0,TRUE,FALSE
"1708",30,3,329.792147806005,123,TRUE,TRUE
"1709",30,10,0,0,FALSE,FALSE
"1710",30,3,0,0,FALSE,FALSE
"1711",30,3,355.196304849885,0,TRUE,FALSE
"1712",30,6,353.810623556582,7,TRUE,TRUE
"1713",30,0,0,0,FALSE,FALSE
"1714",30,9,461.89376443418,0,TRUE,FALSE
"1715",30,4,0,0,FALSE,FALSE
"1716",30,0,0,0,FALSE,FALSE
"1717",30,1,0,0,FALSE,FALSE
"1718",30,6,588.91454965358,30,TRUE,TRUE
"1719",30,1,0,30,FALSE,TRUE
"1720",30,6,0,0,FALSE,FALSE
"1721",30,6,235.565819861432,0,TRUE,FALSE
"1722",30,13,0,0,FALSE,FALSE
"1723",30,13,0,0,FALSE,FALSE
"1724",30,4,175.519630484988,0,TRUE,FALSE
"1725",30,4,258.660508083141,70,TRUE,TRUE
"1726",30,11,0,0,FALSE,FALSE
"1727",30,2,0,0,FALSE,FALSE
"1728",30,4,0,0,FALSE,FALSE
"1729",30,4,390.300230946882,0,TRUE,FALSE
"1730",30,8,0,0,FALSE,FALSE
"1731",30,4,0,0,FALSE,FALSE
"1732",30,7,161.662817551963,0,TRUE,FALSE
"1733",30,3,237.413394919169,0,TRUE,FALSE
"1734",30,9,0,0,FALSE,FALSE
"1735",30,14,570.438799076212,0,TRUE,FALSE
"1736",30,14,125.866050808314,0,TRUE,FALSE
"1737",30,4,115.473441108545,0,TRUE,FALSE
"1738",30,0,0,0,FALSE,FALSE
"1739",30,4,0,0,FALSE,FALSE
"1740",30,9,0,0,FALSE,FALSE
"1741",30,12,230.94688221709,0,TRUE,FALSE
"1742",30,10,209.699769053118,0,TRUE,FALSE
"1743",30,2,0,0,FALSE,FALSE
"1744",30,12,0,0,FALSE,FALSE
"1745",30,5,0,0,FALSE,FALSE
"1746",30,4,0,0,FALSE,FALSE
"1747",30,3,133.949191685912,55,TRUE,TRUE
"1748",30,13,498.845265588915,0,TRUE,FALSE
"1749",30,12,363.972286374134,0,TRUE,FALSE
"1750",30,0,0,0,FALSE,FALSE
"1751",30,5,0,0,FALSE,FALSE
"1752",30,10,83.1408775981524,30,TRUE,TRUE
"1753",30,0,0,0,FALSE,FALSE
"1754",30,3,392.609699769053,0,TRUE,FALSE
"1755",30,5,161.662817551963,0,TRUE,FALSE
"1756",30,11,461.89376443418,0,TRUE,FALSE
"1757",30,12,0,0,FALSE,FALSE
"1758",30,2,0,28,TRUE,TRUE
"1759",30,10,0,0,FALSE,FALSE
"1760",30,1,549.653579676674,0,TRUE,FALSE
"1761",30,4,277.136258660508,0,TRUE,FALSE
"1762",30,0,0,0,FALSE,FALSE
"1763",30,3,835.103926096998,0,TRUE,FALSE
"1764",30,2,479.445727482679,0,TRUE,FALSE
"1765",30,10,332.56351039261,0,TRUE,FALSE
"1766",30,9,0,0,FALSE,FALSE
"1767",30,6,808.314087759815,0,TRUE,FALSE
"1768",30,9,438.799076212471,0,TRUE,FALSE
"1769",30,4,0,0,FALSE,FALSE
"1770",30,7,0,0,FALSE,FALSE
"1771",30,1,0,28,FALSE,TRUE
"1772",30,9,533.487297921478,0,TRUE,FALSE
"1773",30,0,0,0,FALSE,FALSE
"1774",30,9,623.556581986143,0,TRUE,FALSE
"1775",30,2,0,40,FALSE,TRUE
"1776",30,2,0,0,FALSE,FALSE
"1777",30,14,79.2147806004619,0,TRUE,FALSE
"1778",30,1,0,0,FALSE,FALSE
"1779",30,3,0,0,FALSE,FALSE
"1780",30,0,0,0,FALSE,FALSE
"1781",30,14,466.512702078522,0,TRUE,FALSE
"1782",28,9,323.325635103926,0,TRUE,FALSE
"1783",28,14,72.7482678983834,0,TRUE,FALSE
"1784",28,9,0,0,FALSE,FALSE
"1785",28,3,0,0,FALSE,FALSE
"1786",28,11,35.3348729792148,0,TRUE,FALSE
"1787",28,0,0,0,FALSE,FALSE
"1788",28,1,212.471131639723,0,TRUE,FALSE
"1789",28,6,0,0,FALSE,FALSE
"1790",28,1,74.8267898383372,0,TRUE,FALSE
"1791",28,2,179.214780600462,0,TRUE,FALSE
"1792",28,5,277.136258660508,35,TRUE,TRUE
"1793",28,3,0,0,FALSE,FALSE
"1794",28,13,109.930715935335,0,TRUE,FALSE
"1795",28,3,0,166,FALSE,TRUE
"1796",28,3,170.438799076212,0,TRUE,FALSE
"1797",28,3,21.9399538106236,0,TRUE,FALSE
"1798",28,2,0,0,FALSE,FALSE
"1799",28,6,0,0,FALSE,FALSE
"1800",28,5,23.094688221709,15,TRUE,TRUE
"1801",28,3,173.210161662818,50,TRUE,TRUE
"1802",28,2,474.364896073903,0,TRUE,FALSE
"1803",28,3,270.66974595843,0,TRUE,FALSE
"1804",28,0,397.459584295612,0,TRUE,FALSE
"1805",28,1,0,0,FALSE,FALSE
"1806",28,0,360.277136258661,0,TRUE,FALSE
"1807",28,13,0,0,FALSE,FALSE
"1808",28,8,257.274826789838,0,FALSE,FALSE
"1809",28,6,50.8083140877598,0,TRUE,FALSE
"1810",28,4,143.187066974596,0,TRUE,FALSE
"1811",28,8,0,0,FALSE,FALSE
"1812",28,7,258.198614318707,0,TRUE,FALSE
"1813",28,2,230.94688221709,0,TRUE,FALSE
"1814",28,3,62.8175519630485,65,TRUE,TRUE
"1815",28,0,0,0,FALSE,FALSE
"1816",28,5,184.757505773672,0,TRUE,FALSE
"1817",28,0,66.5127020785219,0,TRUE,FALSE
"1818",28,2,461.89376443418,71,TRUE,TRUE
"1819",28,3,0,0,FALSE,FALSE
"1820",28,0,267.898383371824,0,TRUE,FALSE
"1821",28,2,193.995381062356,0,TRUE,FALSE
"1822",28,8,304.849884526559,23,TRUE,TRUE
"1823",28,4,493.071593533487,0,TRUE,FALSE
"1824",28,0,502.309468822171,163,TRUE,TRUE
"1825",28,4,461.89376443418,90,TRUE,TRUE
"1826",28,0,0,0,FALSE,FALSE
"1827",28,1,0,0,FALSE,FALSE
"1828",28,2,0,0,FALSE,FALSE
"1829",28,0,244.803695150115,60,TRUE,TRUE
"1830",28,7,0,0,FALSE,FALSE
"1831",28,10,735.796766743649,0,TRUE,FALSE
"1832",28,0,216.166281755196,0,TRUE,FALSE
"1833",28,7,371.824480369515,23,TRUE,TRUE
"1834",28,3,204.387990762125,0,TRUE,FALSE
"1835",28,2,64.6651270207852,0,FALSE,FALSE
"1836",28,2,0,0,FALSE,FALSE
"1837",28,1,203.233256351039,50,TRUE,TRUE
"1838",28,10,347.806004618938,0,TRUE,FALSE
"1839",28,0,0,0,FALSE,FALSE
"1840",28,4,0,0,FALSE,FALSE
"1841",28,9,646.651270207852,0,TRUE,FALSE
"1842",28,8,0,0,FALSE,FALSE
"1843",28,1,0,0,FALSE,FALSE
"1844",28,9,314.087759815242,35,TRUE,TRUE
"1845",28,6,482.678983833718,30,TRUE,TRUE
"1846",28,6,323.325635103926,0,TRUE,FALSE
"1847",28,6,0,0,FALSE,FALSE
"1848",28,12,372.9792147806,0,TRUE,FALSE
"1849",28,10,146.882217090069,0,TRUE,FALSE
"1850",28,2,0,0,FALSE,FALSE
"1851",28,5,0,0,FALSE,FALSE
"1852",28,0,92.378752886836,160,TRUE,TRUE
"1853",28,5,83.1408775981524,0,FALSE,FALSE
"1854",28,10,0,0,FALSE,FALSE
"1855",28,7,287.528868360277,35,TRUE,TRUE
"1856",28,3,0,0,FALSE,FALSE
"1857",28,13,260.508083140878,0,TRUE,FALSE
"1858",28,14,392.609699769053,0,TRUE,FALSE
"1859",28,3,332.56351039261,0,TRUE,FALSE
"1860",28,7,127.0207852194,0,TRUE,FALSE
"1861",28,14,762.124711316397,0,TRUE,FALSE
"1862",28,14,0,0,FALSE,FALSE
"1863",28,11,0,0,FALSE,FALSE
"1864",28,4,133.949191685912,0,TRUE,FALSE
"1865",28,2,177.367205542725,0,TRUE,FALSE
"1866",28,2,335.103926096998,15,TRUE,TRUE
"1867",28,1,129.33025404157,0,TRUE,FALSE
"1868",28,5,187.528868360277,0,TRUE,FALSE
"1869",28,13,92.378752886836,0,TRUE,FALSE
"1870",28,8,277.136258660508,0,TRUE,FALSE
"1871",28,2,299.307159353349,0,TRUE,FALSE
"1872",3,4,444.572748267898,70,TRUE,TRUE
"1873",3,2,62.8175519630485,50,TRUE,TRUE
"1874",3,9,138.568129330254,0,TRUE,FALSE
"1875",3,8,0,0,FALSE,FALSE
"1876",3,12,323.325635103926,0,TRUE,FALSE
"1877",3,5,956.120092378753,0,TRUE,FALSE
"1878",3,0,0,0,FALSE,FALSE
"1879",3,3,81.2933025404157,0,TRUE,FALSE
"1880",3,7,277.136258660508,25,TRUE,TRUE
"1881",3,5,0,0,FALSE,FALSE
"1882",3,14,0,0,FALSE,FALSE
"1883",3,7,173.210161662818,10,TRUE,TRUE
"1884",3,9,567.205542725173,0,TRUE,FALSE
"1885",3,3,97.9214780600462,0,TRUE,FALSE
"1886",3,1,0,0,FALSE,FALSE
"1887",3,9,0,0,FALSE,FALSE
"1888",3,10,0,0,FALSE,FALSE
"1889",3,1,203.233256351039,0,TRUE,FALSE
"1890",3,0,0,0,TRUE,FALSE
"1891",3,10,184.757505773672,0,TRUE,FALSE
"1892",3,5,319.630484988453,0,TRUE,FALSE
"1893",3,4,306.697459584296,20,TRUE,TRUE
"1894",3,2,291.224018475751,0,TRUE,FALSE
"1895",3,7,0,0,FALSE,FALSE
"1896",3,14,0,0,FALSE,FALSE
"1897",3,8,115.473441108545,0,TRUE,FALSE
"1898",3,14,466.512702078522,0,TRUE,FALSE
"1899",3,1,0,0,FALSE,FALSE
"1900",3,10,394.45727482679,0,TRUE,FALSE
"1901",3,1,0,0,FALSE,FALSE
"1902",3,2,0,0,FALSE,FALSE
"1903",3,9,854.503464203233,0,TRUE,FALSE
"1904",3,4,51.9630484988453,0,FALSE,FALSE
"1905",3,11,0,0,FALSE,FALSE
"1906",3,1,0,0,FALSE,FALSE
"1907",3,8,480.369515011547,26,TRUE,TRUE
"1908",3,14,230.94688221709,0,TRUE,FALSE
"1909",3,3,0,0,FALSE,FALSE
"1910",3,3,260.969976905312,28,TRUE,TRUE
"1911",3,12,110.854503464203,12,FALSE,TRUE
"1912",3,5,373.210161662818,0,TRUE,FALSE
"1913",3,2,0,0,FALSE,FALSE
"1914",3,0,0,0,FALSE,FALSE
"1915",3,5,138.568129330254,0,TRUE,FALSE
"1916",3,6,258.660508083141,10,TRUE,TRUE
"1917",3,0,0,0,FALSE,FALSE
"1918",3,6,230.94688221709,100,TRUE,TRUE
"1919",3,3,0,0,FALSE,FALSE
"1920",3,13,277.136258660508,0,TRUE,FALSE
"1921",3,9,0,0,FALSE,FALSE
"1922",3,8,0,0,FALSE,FALSE
"1923",3,1,249.422632794457,25,TRUE,TRUE
"1924",3,1,0,0,FALSE,FALSE
"1925",3,1,479.214780600462,0,TRUE,FALSE
"1926",3,5,226.327944572748,20,TRUE,TRUE
"1927",3,2,0,0,FALSE,FALSE
"1928",3,3,0,0,FALSE,FALSE
"1929",3,14,0,0,FALSE,FALSE
"1930",3,0,0,0,FALSE,FALSE
"1931",3,5,0,0,FALSE,FALSE
"1932",3,10,710.392609699769,0,TRUE,FALSE
"1933",3,14,563.5103926097,0,TRUE,FALSE
"1934",3,5,0,0,FALSE,FALSE
"1935",3,14,184.757505773672,0,TRUE,FALSE
"1936",3,2,0,0,FALSE,FALSE
"1937",3,5,0,0,FALSE,FALSE
"1938",3,12,577.367205542725,0,TRUE,FALSE
"1939",3,2,221.709006928406,0,TRUE,FALSE
"1940",3,11,73.9030023094688,0,TRUE,FALSE
"1941",3,11,0,0,FALSE,FALSE
"1942",3,7,0,0,FALSE,FALSE
"1943",3,3,450.346420323326,15,TRUE,TRUE
"1944",3,10,438.337182448037,0,TRUE,FALSE
"1945",3,2,0,0,FALSE,FALSE
"1946",3,9,355.658198614319,25,TRUE,TRUE
"1947",3,4,461.89376443418,0,TRUE,FALSE
"1948",3,3,0,0,FALSE,FALSE
"1949",3,4,341.801385681293,50,TRUE,TRUE
"1950",3,2,173.210161662818,40,TRUE,TRUE
"1951",3,9,219.399538106236,0,TRUE,FALSE
"1952",3,1,657.274826789838,0,TRUE,FALSE
"1953",3,3,0,0,FALSE,FALSE
"1954",3,1,323.325635103926,50,TRUE,TRUE
"1955",3,10,0,0,FALSE,FALSE
"1956",3,1,334.872979214781,0,TRUE,FALSE
"1957",3,2,0,0,FALSE,FALSE
"1958",3,2,149.653579676674,0,TRUE,FALSE
"1959",3,0,0,0,FALSE,FALSE
"1960",3,11,184.757505773672,0,TRUE,FALSE
"1961",3,0,101.61662817552,0,TRUE,FALSE
"1962",3,12,0,0,FALSE,FALSE
"1963",3,12,0,0,FALSE,FALSE
"1964",3,7,115.473441108545,0,TRUE,FALSE
"1965",3,0,275.288683602771,0,TRUE,FALSE
"1966",3,8,23.094688221709,0,TRUE,FALSE
"1967",3,3,188.452655889145,0,TRUE,FALSE
"1968",3,11,0,0,FALSE,FALSE
"1969",3,5,369.515011547344,0,TRUE,FALSE
"1970",3,2,0,0,FALSE,FALSE
"1971",3,2,277.136258660508,60,TRUE,TRUE
"1972",3,13,199.538106235566,0,TRUE,FALSE
"1973",3,1,0,0,FALSE,FALSE
"1974",3,1,533.025404157044,0,TRUE,FALSE
"1975",3,2,554.272517321016,0,TRUE,FALSE
"1976",3,14,0,0,FALSE,FALSE
"1977",3,1,264.203233256351,30,TRUE,TRUE
"1978",3,12,35.1039260969977,0,TRUE,FALSE
"1979",3,1,0,0,FALSE,FALSE
"1980",3,0,1487.29792147806,63,TRUE,TRUE
"1981",3,11,150.115473441109,0,TRUE,FALSE
"1982",3,6,310.854503464203,100,TRUE,TRUE
"1983",3,0,0,0,FALSE,FALSE
"1984",3,12,0,0,FALSE,FALSE
"1985",41,6,888.221709006928,100,TRUE,TRUE
"1986",41,1,0,0,TRUE,FALSE
"1987",41,6,0,0,FALSE,FALSE
"1988",41,0,0,0,FALSE,FALSE
"1989",41,5,0,0,FALSE,FALSE
"1990",41,4,390.300230946882,20,TRUE,TRUE
"1991",41,13,390.300230946882,0,TRUE,FALSE
"1992",41,12,0,0,FALSE,FALSE
"1993",41,10,280.831408775982,0,TRUE,FALSE
"1994",41,9,0,0,FALSE,FALSE
"1995",41,1,0,0,TRUE,FALSE
"1996",41,2,249.422632794457,5,TRUE,TRUE
"1997",41,1,179.214780600462,10,TRUE,TRUE
"1998",41,12,175.519630484988,0,TRUE,FALSE
"1999",41,0,0,0,FALSE,FALSE
"2000",41,8,75.0577367205543,0,TRUE,FALSE
"2001",41,3,0,10,FALSE,TRUE
"2002",41,8,692.84064665127,0,TRUE,FALSE
"2003",41,1,23.094688221709,0,TRUE,FALSE
"2004",41,5,161.662817551963,0,TRUE,FALSE
"2005",41,8,0,0,FALSE,FALSE
"2006",41,1,42.2632794457275,0,TRUE,FALSE
"2007",41,11,0,0,FALSE,FALSE
"2008",41,2,184.757505773672,25,TRUE,TRUE
"2009",41,10,161.662817551963,0,TRUE,FALSE
"2010",41,1,0,0,FALSE,FALSE
"2011",41,14,461.89376443418,0,TRUE,FALSE
"2012",41,1,50.8083140877598,0,TRUE,FALSE
"2013",41,1,23.094688221709,20,TRUE,TRUE
"2014",41,7,0,0,FALSE,FALSE
"2015",41,0,0,0,FALSE,FALSE
"2016",39,1,415.704387990762,50,TRUE,TRUE
"2017",39,11,461.89376443418,1,TRUE,TRUE
"2018",39,0,0,0,FALSE,FALSE
"2019",39,11,377.829099307159,0,TRUE,FALSE
"2020",39,12,0,0,FALSE,FALSE
"2021",39,4,300.230946882217,0,TRUE,FALSE
"2022",39,3,287.759815242494,34,TRUE,TRUE
"2023",39,14,600.461893764434,0,TRUE,FALSE
"2024",39,2,0,75,FALSE,TRUE
"2025",39,10,219.399538106236,0,TRUE,FALSE
"2026",39,7,161.662817551963,26,TRUE,TRUE
"2027",39,7,0,0,FALSE,FALSE
"2028",39,2,0,0,TRUE,FALSE
"2029",39,5,212.471131639723,27,TRUE,TRUE
"2030",39,2,323.325635103926,75,TRUE,TRUE
"2031",39,4,249.422632794457,50,TRUE,TRUE
"2032",39,3,304.849884526559,40,TRUE,TRUE
"2033",39,9,923.78752886836,90,TRUE,TRUE
"2034",39,1,0,0,FALSE,FALSE
"2035",39,3,34.6420323325635,6,TRUE,TRUE
"2036",39,13,356.120092378753,0,TRUE,FALSE
"2037",39,10,0,0,FALSE,FALSE
"2038",39,7,295.612009237875,0,TRUE,FALSE
"2039",11,2,314.087759815242,100,TRUE,TRUE
"2040",11,6,661.431870669746,5,TRUE,TRUE
"2041",11,3,161.662817551963,0,TRUE,FALSE
"2042",11,8,0,0,FALSE,FALSE
"2043",11,2,249.422632794457,0,TRUE,FALSE
"2044",11,9,1702.30946882217,0,TRUE,FALSE
"2045",11,10,0,2,FALSE,TRUE
"2046",11,0,0,0,FALSE,FALSE
"2047",11,9,175.519630484988,0,TRUE,FALSE
"2048",11,2,293.302540415704,15,TRUE,TRUE
"2049",11,13,389.607390300231,0,TRUE,FALSE
"2050",11,8,0,0,FALSE,FALSE
"2051",11,3,446.420323325635,100,TRUE,TRUE
"2052",11,13,314.087759815242,0,TRUE,FALSE
"2053",11,2,0,0,FALSE,FALSE
"2054",11,5,0,75,FALSE,TRUE
"2055",11,1,0,0,FALSE,FALSE
"2056",11,1,157.043879907621,75,FALSE,TRUE
"2057",11,7,206.466512702079,0,TRUE,FALSE
"2058",11,12,258.660508083141,0,TRUE,FALSE
"2059",11,6,739.030023094688,0,TRUE,FALSE
"2060",11,1,0,0,FALSE,FALSE
"2061",11,2,173.210161662818,0,TRUE,FALSE
"2062",11,8,11.5473441108545,15,FALSE,TRUE
"2063",11,6,0,0,FALSE,FALSE
"2064",11,12,368.591224018476,0,TRUE,FALSE
"2065",11,6,323.325635103926,0,TRUE,FALSE
"2066",11,14,439.260969976905,0,TRUE,FALSE
"2067",11,1,36.9515011547344,100,TRUE,TRUE
"2068",11,4,0,0,FALSE,FALSE
"2069",11,2,20.554272517321,0,TRUE,FALSE
"2070",11,4,112.471131639723,20,TRUE,TRUE
"2071",11,1,0,0,FALSE,FALSE
"2072",11,2,0,0,FALSE,FALSE
"2073",11,2,0,0,FALSE,FALSE
"2074",11,4,332.56351039261,25,TRUE,TRUE
"2075",11,10,369.515011547344,10,TRUE,TRUE
"2076",11,6,505.773672055427,0,TRUE,FALSE
"2077",11,5,0,0,FALSE,FALSE
"2078",11,1,64.6651270207852,40,TRUE,TRUE
"2079",11,12,0,0,FALSE,FALSE
"2080",11,0,46.189376443418,0,TRUE,FALSE
"2081",11,5,120.554272517321,18,TRUE,TRUE
"2082",11,0,0,0,FALSE,FALSE
"2083",11,0,1053.11778290993,53,TRUE,TRUE
"2084",11,4,369.515011547344,0,TRUE,FALSE
"2085",11,3,0,0,FALSE,FALSE
"2086",11,6,147.806004618938,0,TRUE,FALSE
"2087",11,9,0,0,FALSE,FALSE
"2088",11,9,184.757505773672,0,TRUE,FALSE
"2089",11,9,554.272517321016,0,TRUE,FALSE
"2090",11,6,443.879907621247,100,TRUE,TRUE
"2091",11,12,332.56351039261,0,TRUE,FALSE
"2092",11,12,450.80831408776,0,TRUE,FALSE
"2093",11,1,86.3741339491917,0,TRUE,FALSE
"2094",11,3,23.094688221709,0,TRUE,FALSE
"2095",11,1,0,0,FALSE,FALSE
"2096",11,5,228.175519630485,50,TRUE,TRUE
"2097",11,2,0,0,FALSE,FALSE
"2098",11,0,568.591224018476,100,TRUE,TRUE
"2099",11,9,222.170900692841,0,TRUE,FALSE
"2100",11,12,0,0,FALSE,FALSE
"2101",11,4,0,0,FALSE,FALSE
"2102",11,8,295.612009237875,0,TRUE,FALSE
"2103",11,7,515.473441108545,60,TRUE,TRUE
"2104",11,5,461.89376443418,50,TRUE,TRUE
"2105",11,1,180.13856812933,0,TRUE,FALSE
"2106",11,6,0,0,FALSE,FALSE
"2107",11,12,124.711316397229,0,TRUE,FALSE
"2108",11,14,0,0,FALSE,FALSE
"2109",11,7,0,0,FALSE,FALSE
"2110",11,6,311.316397228637,25,TRUE,TRUE
"2111",11,0,0,0,FALSE,FALSE
"2112",11,9,318.706697459584,8,TRUE,TRUE
"2113",11,0,0,0,FALSE,FALSE
"2114",11,1,157.043879907621,75,TRUE,TRUE
"2115",11,1,0,0,FALSE,FALSE
"2116",11,7,0,0,FALSE,FALSE
"2117",11,12,184.757505773672,0,TRUE,FALSE
"2118",11,1,268.360277136259,0,TRUE,FALSE
"2119",11,8,0,0,FALSE,FALSE
"2120",11,4,0,0,FALSE,FALSE
"2121",11,6,191.224018475751,20,TRUE,TRUE
"2122",11,11,0,40,FALSE,TRUE
"2123",11,1,0,0,FALSE,FALSE
"2124",11,5,0,0,FALSE,FALSE
"2125",11,8,286.374133949192,0,TRUE,FALSE
"2126",11,2,176.443418013857,50,TRUE,TRUE
"2127",11,6,0,0,FALSE,FALSE
"2128",11,7,0,0,FALSE,FALSE
"2129",11,5,147.806004618938,0,TRUE,FALSE
"2130",11,2,508.083140877598,0,TRUE,FALSE
"2131",11,5,421.709006928406,0,TRUE,FALSE
"2132",11,4,0,0,FALSE,FALSE
"2133",11,7,0,0,FALSE,FALSE
"2134",11,6,0,29,TRUE,TRUE
"2135",11,3,0,0,TRUE,FALSE
"2136",11,5,283.602771362587,0,TRUE,FALSE
"2137",11,4,0,100,FALSE,TRUE
"2138",11,3,0,25,FALSE,TRUE
"2139",11,2,0,0,FALSE,FALSE
"2140",11,1,284.064665127021,0,TRUE,FALSE
"2141",11,13,0,0,FALSE,FALSE
"2142",11,2,0,0,FALSE,FALSE
"2143",11,9,266.050808314088,0,TRUE,FALSE
"2144",11,5,0,0,FALSE,FALSE
"2145",11,9,408.083140877598,120,TRUE,TRUE
"2146",11,5,484.988452655889,0,TRUE,FALSE
"2147",11,2,457.274826789838,31,TRUE,TRUE
"2148",11,4,0,0,FALSE,FALSE
"2149",11,6,302.078521939954,30,TRUE,TRUE
"2150",11,5,0,0,FALSE,FALSE
"2151",11,0,0,0,FALSE,FALSE
"2152",11,11,400.923787528868,23,TRUE,TRUE
"2153",11,1,0,0,FALSE,FALSE
"2154",11,2,770.207852193995,0,TRUE,FALSE
"2155",11,1,0,0,FALSE,FALSE
"2156",11,0,454.041570438799,0,TRUE,FALSE
"2157",11,10,0,0,FALSE,FALSE
"2158",11,2,692.84064665127,0,TRUE,FALSE
"2159",11,5,240.184757505774,0,TRUE,FALSE
"2160",11,0,0,0,FALSE,FALSE
"2161",11,5,0,0,FALSE,FALSE
"2162",11,11,0,0,FALSE,FALSE
"2163",11,10,0,0,FALSE,FALSE
"2164",11,11,0,0,FALSE,FALSE
"2165",11,7,0,0,FALSE,FALSE
"2166",11,13,0,0,FALSE,FALSE
"2167",25,14,312.240184757506,0,TRUE,FALSE
"2168",25,12,203.233256351039,0,TRUE,FALSE
"2169",25,10,358.891454965358,0,TRUE,FALSE
"2170",25,8,575.057736720554,56,TRUE,TRUE
"2171",25,0,0,0,TRUE,FALSE
"2172",25,3,369.515011547344,0,TRUE,FALSE
"2173",25,5,0,0,FALSE,FALSE
"2174",25,6,387.990762124711,105,TRUE,TRUE
"2175",25,0,0,0,FALSE,FALSE
"2176",6,6,0,0,FALSE,FALSE
"2177",6,6,175.519630484988,30,TRUE,TRUE
"2178",6,3,0,0,FALSE,FALSE
"2179",6,14,448.036951501155,0,TRUE,FALSE
"2180",6,11,439.491916859122,0,TRUE,FALSE
"2181",6,3,175.519630484988,0,TRUE,FALSE
"2182",6,1,0,0,FALSE,FALSE
"2183",6,5,230.94688221709,5,TRUE,TRUE
"2184",6,11,0,0,FALSE,FALSE
"2185",6,2,457.274826789838,0,TRUE,FALSE
"2186",6,0,0,12,FALSE,TRUE
"2187",6,0,213.394919168591,0,TRUE,FALSE
"2188",6,4,175.519630484988,0,TRUE,FALSE
"2189",6,8,221.709006928406,0,TRUE,FALSE
"2190",6,12,0,0,FALSE,FALSE
"2191",6,6,76.2124711316397,0,TRUE,FALSE
"2192",6,2,46.189376443418,0,TRUE,FALSE
"2193",6,13,228.175519630485,10,TRUE,TRUE
"2194",6,3,450.346420323326,125,TRUE,TRUE
"2195",6,1,369.515011547344,0,TRUE,FALSE
"2196",6,12,304.849884526559,0,TRUE,FALSE
"2197",6,8,304.849884526559,0,TRUE,FALSE
"2198",6,4,0,0,FALSE,FALSE
"2199",6,6,242.494226327945,0,TRUE,FALSE
"2200",6,6,600.461893764434,0,TRUE,FALSE
"2201",6,14,513.625866050808,0,TRUE,FALSE
"2202",6,10,0,0,FALSE,FALSE
"2203",6,8,0,0,FALSE,FALSE
"2204",6,3,92.378752886836,0,TRUE,FALSE
"2205",6,5,155.196304849885,0,TRUE,FALSE
"2206",6,8,228.637413394919,0,TRUE,FALSE
"2207",6,5,415.704387990762,12,TRUE,TRUE
"2208",6,3,295.612009237875,0,TRUE,FALSE
"2209",6,0,0,12,FALSE,TRUE
"2210",6,5,0,0,FALSE,FALSE
"2211",6,9,0,0,FALSE,FALSE
"2212",6,2,0,0,FALSE,FALSE
"2213",6,7,0,0,FALSE,FALSE
"2214",6,4,304.849884526559,50,TRUE,TRUE
"2215",6,9,169.05311778291,0,TRUE,FALSE
"2216",6,8,230.94688221709,0,TRUE,FALSE
"2217",6,8,0,0,FALSE,FALSE
"2218",6,4,277.136258660508,0,TRUE,FALSE
"2219",6,8,175.519630484988,0,TRUE,FALSE
"2220",6,4,590.069284064665,50,TRUE,TRUE
"2221",6,6,392.609699769053,46,TRUE,TRUE
"2222",6,1,139.491916859122,20,TRUE,TRUE
"2223",6,14,826.096997690531,0,TRUE,FALSE
"2224",6,9,0,0,FALSE,FALSE
"2225",6,1,48.4988452655889,25,TRUE,TRUE
"2226",6,2,0,0,FALSE,FALSE
"2227",6,0,0,0,FALSE,FALSE
"2228",6,5,264.203233256351,7,TRUE,TRUE
"2229",6,11,0,0,FALSE,FALSE
"2230",6,0,0,0,FALSE,FALSE
"2231",6,1,0,0,FALSE,FALSE
"2232",6,5,0,0,FALSE,FALSE
"2233",6,6,295.612009237875,0,TRUE,FALSE
"2234",6,3,0,0,FALSE,FALSE
"2235",6,11,203.233256351039,100,TRUE,TRUE
"2236",6,0,188.452655889145,20,TRUE,TRUE
"2237",6,0,36.7205542725173,0,TRUE,FALSE
"2238",6,7,124.711316397229,10,TRUE,TRUE
"2239",6,7,363.5103926097,20,TRUE,TRUE
"2240",6,14,520.092378752887,0,TRUE,FALSE
"2241",6,0,0,0,FALSE,FALSE
"2242",40,3,12.933025404157,30,FALSE,TRUE
"2243",40,8,0,0,FALSE,FALSE
"2244",40,3,0,5,FALSE,TRUE
"2245",40,11,230.94688221709,0,TRUE,FALSE
"2246",40,6,540.415704387991,0,TRUE,FALSE
"2247",40,12,0,0,FALSE,FALSE
"2248",40,9,459.584295612009,0,TRUE,FALSE
"2249",40,12,0,0,FALSE,FALSE
"2250",40,12,332.56351039261,0,TRUE,FALSE
"2251",40,12,161.662817551963,0,TRUE,FALSE
"2252",40,2,137.413394919169,17,TRUE,TRUE
"2253",40,4,488.91454965358,0,TRUE,FALSE
"2254",40,11,563.972286374134,0,TRUE,FALSE
"2255",40,4,0,0,FALSE,FALSE
"2256",40,3,171.824480369515,0,TRUE,FALSE
"2257",40,4,0,65,FALSE,TRUE
"2258",40,7,166.281755196305,25,TRUE,TRUE
"2259",40,7,0,0,FALSE,FALSE
"2260",40,3,207.852193995381,25,TRUE,TRUE
"2261",40,3,404.157043879908,0,TRUE,FALSE
"2262",40,0,83.1408775981524,0,FALSE,FALSE
"2263",40,7,0,0,TRUE,FALSE
"2264",40,2,117.782909930716,70,TRUE,TRUE
"2265",40,9,461.89376443418,0,TRUE,FALSE
"2266",40,1,161.431870669746,50,TRUE,TRUE
"2267",40,11,0,0,FALSE,FALSE
"2268",40,2,0,0,FALSE,FALSE
"2269",40,6,0,0,FALSE,FALSE
"2270",40,7,332.56351039261,15,TRUE,TRUE
"2271",40,12,0,0,FALSE,FALSE
"2272",40,13,207.852193995381,8,TRUE,TRUE
"2273",40,2,377.367205542725,0,TRUE,FALSE
"2274",40,0,169.05311778291,20,TRUE,TRUE
"2275",40,11,461.89376443418,0,TRUE,FALSE
"2276",40,5,0,0,FALSE,FALSE
"2277",40,11,277.136258660508,0,TRUE,FALSE
"2278",40,2,0,0,FALSE,FALSE
"2279",40,5,0,0,FALSE,FALSE
"2280",40,3,110.854503464203,0,TRUE,FALSE
"2281",40,3,21.2471131639723,50,TRUE,TRUE
"2282",40,6,0,0,FALSE,FALSE
"2283",40,1,0,0,FALSE,FALSE
"2284",40,5,200.230946882217,0,TRUE,FALSE
"2285",40,5,284.526558891455,0,TRUE,FALSE
"2286",40,12,223.556581986143,0,TRUE,FALSE
"2287",40,6,0,5,FALSE,TRUE
"2288",40,6,1247.11316397229,0,TRUE,FALSE
"2289",40,0,0,0,FALSE,FALSE
"2290",40,10,0,0,FALSE,FALSE
"2291",40,2,0,0,FALSE,FALSE
"2292",40,3,0,25,FALSE,TRUE
"2293",40,2,0,0,FALSE,FALSE
"2294",40,3,0,67,FALSE,TRUE
"2295",40,12,0,0,FALSE,FALSE
"2296",40,12,0,0,FALSE,FALSE
"2297",45,0,203.233256351039,0,TRUE,FALSE
"2298",45,9,0,0,FALSE,FALSE
"2299",45,4,193.995381062356,0,TRUE,FALSE
"2300",45,13,92.378752886836,0,TRUE,FALSE
"2301",45,7,55.4272517321016,0,TRUE,FALSE
"2302",45,13,369.515011547344,0,TRUE,FALSE
"2303",45,1,0,97,FALSE,TRUE
"2304",45,0,0,30,FALSE,TRUE
"2305",45,0,0,0,FALSE,FALSE
"2306",45,8,0,0,FALSE,FALSE
"2307",45,8,104.849884526559,0,TRUE,FALSE
"2308",45,13,0,0,FALSE,FALSE
"2309",45,2,0,0,FALSE,FALSE
"2310",45,10,311.778290993072,0,TRUE,FALSE
"2311",45,11,384.757505773672,0,TRUE,FALSE
"2312",45,3,92.378752886836,0,TRUE,FALSE
"2313",45,7,0,0,FALSE,FALSE
"2314",45,7,0,0,FALSE,FALSE
"2315",45,6,517.321016166282,55,TRUE,TRUE
"2316",45,1,110.854503464203,0,TRUE,FALSE
"2317",45,0,0,0,FALSE,FALSE
"2318",45,2,0,0,FALSE,FALSE
"2319",45,1,0,0,FALSE,FALSE
"2320",45,9,0,0,FALSE,FALSE
"2321",45,11,351.039260969977,10,TRUE,TRUE
"2322",45,8,295.612009237875,0,TRUE,FALSE
"2323",45,1,0,0,FALSE,FALSE
"2324",45,4,141.108545034642,25,TRUE,TRUE
"2325",45,9,166.281755196305,35,TRUE,TRUE
"2326",45,0,0,0,FALSE,FALSE
"2327",45,3,184.757505773672,0,TRUE,FALSE
"2328",45,0,0,0,FALSE,FALSE
"2329",45,12,433.025404157044,0,TRUE,FALSE
"2330",45,4,311.778290993072,34,TRUE,TRUE
"2331",45,0,0,0,FALSE,FALSE
"2332",45,13,346.420323325635,23,TRUE,TRUE
"2333",45,9,259.815242494226,0,TRUE,FALSE
"2334",45,0,142.725173210162,0,TRUE,FALSE
"2335",45,9,230.023094688222,0,TRUE,FALSE
"2336",45,9,210.623556581986,0,TRUE,FALSE
"2337",45,5,96.0739030023095,0,TRUE,FALSE
"2338",45,6,0,0,FALSE,FALSE
"2339",45,3,0,0,FALSE,FALSE
"2340",45,3,300.230946882217,62,TRUE,TRUE
"2341",45,4,207.852193995381,0,TRUE,FALSE
"2342",45,10,230.94688221709,0,TRUE,FALSE
"2343",45,8,258.660508083141,30,TRUE,TRUE
"2344",45,0,0,0,FALSE,FALSE
"2345",45,9,0,0,FALSE,FALSE
"2346",45,10,844.341801385681,0,TRUE,FALSE
"2347",45,2,321.939953810624,34,TRUE,TRUE
"2348",45,8,0,0,FALSE,FALSE
"2349",45,4,0,0,FALSE,FALSE
"2350",45,1,0,0,FALSE,FALSE
"2351",45,1,57.2748267898383,0,FALSE,FALSE
"2352",45,13,481.75519630485,0,TRUE,FALSE
"2353",45,0,169.05311778291,0,TRUE,FALSE
"2354",45,8,0,0,FALSE,FALSE
"2355",45,1,591.224018475751,0,TRUE,FALSE
"2356",45,4,621.709006928406,65,TRUE,TRUE
"2357",45,7,0,0,FALSE,FALSE
"2358",45,6,50.8083140877598,50,FALSE,TRUE
"2359",45,5,0,0,FALSE,FALSE
"2360",45,9,332.56351039261,0,TRUE,FALSE
"2361",45,3,0,0,FALSE,FALSE
"2362",45,11,224.480369515012,0,TRUE,FALSE
"2363",45,2,0,0,TRUE,FALSE
"2364",45,3,336.720554272517,41,TRUE,TRUE
"2365",45,0,96.9976905311778,40,TRUE,TRUE
"2366",45,4,184.757505773672,0,TRUE,FALSE
"2367",45,12,0,0,FALSE,FALSE
"2368",45,5,0,0,FALSE,FALSE
"2369",45,3,0,0,FALSE,FALSE
"2370",45,13,737.644341801386,10,TRUE,TRUE
"2371",45,4,141.339491916859,50,TRUE,TRUE
"2372",45,5,203.233256351039,40,TRUE,TRUE
"2373",45,6,426.327944572748,0,TRUE,FALSE
"2374",45,7,519.630484988453,30,TRUE,TRUE
"2375",45,3,0,30,FALSE,TRUE
"2376",45,7,43.8799076212471,0,TRUE,FALSE
"2377",45,1,0,0,FALSE,FALSE
"2378",45,7,256.35103926097,0,TRUE,FALSE
"2379",45,4,48.9607390300231,0,TRUE,FALSE
"2380",45,8,277.136258660508,0,TRUE,FALSE
"2381",45,9,673.441108545035,60,TRUE,TRUE
"2382",45,5,249.422632794457,50,FALSE,TRUE
"2383",45,3,443.418013856813,65,TRUE,TRUE
"2384",45,7,318.706697459584,0,TRUE,FALSE
"2385",45,12,348.729792147806,0,TRUE,FALSE
"2386",45,4,229.33025404157,10,TRUE,TRUE
"2387",45,5,0,0,FALSE,FALSE
"2388",45,2,116.859122401848,0,TRUE,FALSE
"2389",45,7,50.8083140877598,0,TRUE,FALSE
"2390",45,4,372.286374133949,17,TRUE,TRUE
"2391",45,7,0,0,FALSE,FALSE
"2392",45,1,0,0,FALSE,FALSE
"2393",45,1,0,0,FALSE,FALSE
"2394",45,5,0,0,FALSE,FALSE
"2395",45,6,138.568129330254,10,TRUE,TRUE
"2396",45,1,162.817551963048,0,TRUE,FALSE
"2397",45,6,0,0,FALSE,FALSE
"2398",45,4,127.0207852194,0,TRUE,FALSE
"2399",45,0,0,0,FALSE,FALSE
"2400",45,7,266.512702078522,0,TRUE,FALSE
"2401",45,0,0,55,FALSE,TRUE
"2402",45,11,0,0,FALSE,FALSE
"2403",45,2,277.136258660508,100,TRUE,TRUE
"2404",45,8,362.124711316397,0,TRUE,FALSE
"2405",45,14,461.89376443418,0,TRUE,FALSE
"2406",45,4,0,0,FALSE,FALSE
"2407",45,6,0,0,FALSE,FALSE
"2408",45,0,0,0,FALSE,FALSE
"2409",45,0,0,0,FALSE,FALSE
"2410",45,3,0,0,FALSE,FALSE
"2411",45,6,0,0,FALSE,FALSE
"2412",45,10,577.367205542725,0,TRUE,FALSE
"2413",45,0,0,0,FALSE,FALSE
"2414",45,11,0,0,FALSE,FALSE
"2415",45,14,224.480369515012,0,TRUE,FALSE
"2416",45,9,0,0,FALSE,FALSE
"2417",45,11,0,0,FALSE,FALSE
"2418",45,6,0,0,FALSE,FALSE
"2419",45,0,0,0,FALSE,FALSE
"2420",45,13,0,0,FALSE,FALSE
"2421",45,8,43.8799076212471,0,TRUE,FALSE
"2422",45,14,0,0,FALSE,FALSE
"2423",45,6,328.406466512702,0,TRUE,FALSE
"2424",45,3,175.519630484988,85,TRUE,TRUE
"2425",45,1,0,0,FALSE,FALSE
"2426",45,1,284.526558891455,0,TRUE,FALSE
"2427",45,3,263.279445727483,60,TRUE,TRUE
"2428",45,12,332.56351039261,0,FALSE,FALSE
"2429",45,3,438.337182448037,78,TRUE,TRUE
"2430",45,4,0,0,FALSE,FALSE
"2431",45,2,184.757505773672,0,TRUE,FALSE
"2432",45,5,368.591224018476,0,TRUE,FALSE
"2433",45,12,346.420323325635,0,TRUE,FALSE
"2434",45,5,138.568129330254,0,TRUE,FALSE
"2435",45,2,0,0,FALSE,FALSE
"2436",45,2,193.995381062356,0,TRUE,FALSE
"2437",45,9,207.852193995381,0,TRUE,FALSE
"2438",45,12,363.5103926097,0,TRUE,FALSE
"2439",45,8,419.86143187067,0,TRUE,FALSE
"2440",45,2,258.660508083141,0,TRUE,FALSE
"2441",45,14,323.325635103926,10,TRUE,TRUE
"2442",45,4,0,0,FALSE,FALSE
"2443",45,10,495.150115473441,0,TRUE,FALSE
"2444",45,4,145.496535796767,0,TRUE,FALSE
"2445",45,13,219.399538106236,0,TRUE,FALSE
"2446",45,2,277.136258660508,50,FALSE,TRUE
"2447",45,2,0,0,FALSE,FALSE
"2448",45,2,0,0,FALSE,FALSE
"2449",45,2,0,55,FALSE,TRUE
"2450",45,5,368.591224018476,60,TRUE,TRUE
"2451",45,9,0,0,TRUE,FALSE
"2452",45,10,568.591224018476,0,TRUE,FALSE
"2453",45,5,230.94688221709,0,TRUE,FALSE
"2454",45,8,600.461893764434,5,TRUE,TRUE
"2455",45,10,196.304849884527,0,TRUE,FALSE
"2456",45,0,0,0,FALSE,FALSE
"2457",45,3,0,0,FALSE,FALSE
"2458",45,1,85.4503464203233,0,TRUE,FALSE
"2459",45,11,457.274826789838,0,TRUE,FALSE
"2460",45,11,452.655889145497,0,TRUE,FALSE
"2461",45,8,203.233256351039,0,TRUE,FALSE
"2462",45,12,369.515011547344,0,TRUE,FALSE
"2463",45,7,2087.75981524249,0,TRUE,FALSE
"2464",45,7,0,0,FALSE,FALSE
"2465",45,11,143.418013856813,0,TRUE,FALSE
"2466",45,9,0,2,FALSE,TRUE
"2467",45,8,138.568129330254,0,TRUE,FALSE
"2468",45,8,110.854503464203,0,TRUE,FALSE
"2469",45,3,0,0,FALSE,FALSE
"2470",45,9,392.147806004619,0,TRUE,FALSE
"2471",45,5,639.722863741339,50,TRUE,TRUE
"2472",45,12,0,0,FALSE,FALSE
"2473",45,3,332.56351039261,34,TRUE,TRUE
"2474",45,2,888.221709006928,60,TRUE,TRUE
"2475",45,1,0,0,FALSE,FALSE
"2476",45,2,369.515011547344,0,TRUE,FALSE
"2477",45,1,136.027713625866,0,TRUE,FALSE
"2478",45,14,577.367205542725,0,TRUE,FALSE
"2479",45,3,195.381062355658,40,TRUE,TRUE
"2480",45,7,415.704387990762,0,TRUE,FALSE
"2481",45,1,221.709006928406,50,TRUE,TRUE
"2482",45,14,601.61662817552,0,TRUE,FALSE
"2483",45,1,92.378752886836,0,TRUE,FALSE
"2484",45,6,351.039260969977,0,TRUE,FALSE
"2485",45,0,0,0,FALSE,FALSE
"2486",45,4,0,0,FALSE,FALSE
"2487",45,11,0,20,FALSE,TRUE
"2488",45,13,62.3556581986143,0,TRUE,FALSE
"2489",45,14,600.461893764434,0,TRUE,FALSE
"2490",45,4,303.002309468822,0,TRUE,FALSE
"2491",45,6,277.136258660508,0,TRUE,FALSE
"2492",45,13,0,0,FALSE,FALSE
"2493",45,3,0,0,FALSE,FALSE
"2494",45,12,0,0,FALSE,FALSE
"2495",45,11,0,0,FALSE,FALSE
"2496",45,2,0,0,FALSE,FALSE
"2497",45,0,0,0,FALSE,FALSE
"2498",45,7,192.84064665127,0,TRUE,FALSE
"2499",45,4,785.219399538106,95,TRUE,TRUE
"2500",45,2,0,0,FALSE,FALSE
"2501",45,1,127.482678983834,0,TRUE,FALSE
"2502",45,1,277.136258660508,56,TRUE,TRUE
"2503",45,7,230.94688221709,7,TRUE,TRUE
"2504",45,1,0,0,FALSE,FALSE
"2505",45,9,129.33025404157,0,TRUE,FALSE
"2506",45,8,443.418013856813,0,TRUE,FALSE
"2507",45,5,214.780600461894,0,TRUE,FALSE
"2508",45,5,0,0,FALSE,FALSE
"2509",45,8,243.879907621247,0,TRUE,FALSE
"2510",45,12,351.039260969977,0,TRUE,FALSE
"2511",45,4,153.810623556582,0,TRUE,FALSE
"2512",45,10,623.556581986143,50,TRUE,TRUE
"2513",45,3,0,0,FALSE,FALSE
"2514",45,14,319.630484988453,0,TRUE,FALSE
"2515",5,9,113.163972286374,5,TRUE,TRUE
"2516",5,2,230.94688221709,50,TRUE,TRUE
"2517",5,2,124.711316397229,0,TRUE,FALSE
"2518",5,5,226.327944572748,25,TRUE,TRUE
"2519",5,0,0,0,FALSE,FALSE
"2520",5,1,369.515011547344,30,FALSE,TRUE
"2521",5,2,254.041570438799,50,TRUE,TRUE
"2522",5,3,0,0,FALSE,FALSE
"2523",5,2,254.041570438799,25,TRUE,TRUE
"2524",5,12,466.512702078522,25,TRUE,TRUE
"2525",5,13,135.334872979215,0,TRUE,FALSE
"2526",5,8,0,0,FALSE,FALSE
"2527",5,6,364.665127020785,90,TRUE,TRUE
"2528",5,5,254.041570438799,70,TRUE,TRUE
"2529",5,6,187.528868360277,18,TRUE,TRUE
"2530",5,9,0,0,FALSE,FALSE
"2531",5,14,478.983833718245,0,TRUE,FALSE
"2532",17,3,0,0,FALSE,FALSE
"2533",17,3,92.378752886836,75,TRUE,TRUE
"2534",17,14,692.84064665127,0,TRUE,FALSE
"2535",17,4,778.983833718245,0,TRUE,FALSE
"2536",17,3,0,40,FALSE,TRUE
"2537",17,10,288.683602771363,0,TRUE,FALSE
"2538",17,8,473.441108545035,50,TRUE,TRUE
"2539",17,5,213.394919168591,65,TRUE,TRUE
"2540",17,9,646.651270207852,50,TRUE,TRUE
"2541",17,8,710.392609699769,0,TRUE,FALSE
"2542",17,5,172.748267898383,10,TRUE,TRUE
"2543",17,2,0,0,FALSE,FALSE
"2544",17,1,83.1408775981524,160,FALSE,TRUE
"2545",17,12,110.854503464203,0,TRUE,FALSE
"2546",17,0,221.709006928406,45,TRUE,TRUE
"2547",17,11,327.0207852194,5,TRUE,TRUE
"2548",17,8,369.515011547344,25,TRUE,TRUE
"2549",17,7,269.05311778291,0,TRUE,FALSE
"2550",17,3,249.422632794457,0,TRUE,FALSE
"2551",17,14,590.300230946882,0,TRUE,FALSE
"2552",17,0,0,0,TRUE,FALSE
"2553",17,10,277.136258660508,0,TRUE,FALSE
"2554",17,0,0,0,FALSE,FALSE
"2555",17,9,0,0,FALSE,FALSE
"2556",17,1,0,0,FALSE,FALSE
"2557",17,2,0,0,FALSE,FALSE
"2558",17,11,92.378752886836,0,TRUE,FALSE
"2559",17,13,0,0,FALSE,FALSE
"2560",17,13,325.173210161663,0,TRUE,FALSE
"2561",17,4,0,0,FALSE,FALSE
"2562",17,5,526.096997690531,150,TRUE,TRUE
"2563",17,5,0,0,FALSE,FALSE
"2564",17,14,0,0,FALSE,FALSE
"2565",17,6,1099.76905311778,0,TRUE,FALSE
"2566",17,5,355.658198614319,0,TRUE,FALSE
"2567",17,5,265.588914549654,0,TRUE,FALSE
"2568",17,1,275.288683602771,75,TRUE,TRUE
"2569",17,5,531.177829099307,50,TRUE,TRUE
"2570",17,8,173.210161662818,0,TRUE,FALSE
"2571",17,4,241.108545034642,10,TRUE,TRUE
"2572",17,5,461.89376443418,60,TRUE,TRUE
"2573",17,7,189.376443418014,0,TRUE,FALSE
"2574",17,10,569.976905311778,40,TRUE,TRUE
"2575",17,0,0,0,TRUE,FALSE
"2576",17,12,554.272517321016,10,TRUE,TRUE
"2577",17,14,752.886836027714,0,TRUE,FALSE
"2578",17,0,0,0,FALSE,FALSE
"2579",17,14,0,0,FALSE,FALSE
"2580",17,11,124.711316397229,0,TRUE,FALSE
"2581",17,1,8.08314087759815,0,TRUE,FALSE
"2582",17,12,363.5103926097,0,TRUE,FALSE
"2583",17,8,133.718244803695,5,TRUE,TRUE
"2584",17,0,0,0,FALSE,FALSE
"2585",17,0,0,0,FALSE,FALSE
"2586",17,2,0,0,FALSE,FALSE
"2587",17,6,18.4757505773672,0,TRUE,FALSE
"2588",17,7,182.678983833718,0,TRUE,FALSE
"2589",17,8,300.230946882217,0,TRUE,FALSE
"2590",17,0,0,0,FALSE,FALSE
"2591",17,12,355.658198614319,0,TRUE,FALSE
"2592",17,14,229.099307159353,0,TRUE,FALSE
"2593",17,7,369.515011547344,0,TRUE,FALSE
"2594",17,4,0,40,FALSE,TRUE
"2595",17,12,0,0,TRUE,FALSE
"2596",17,0,0,0,FALSE,FALSE
"2597",17,14,138.568129330254,0,TRUE,FALSE
"2598",17,4,285.912240184757,0,TRUE,FALSE
"2599",26,2,346.420323325635,45,TRUE,TRUE
"2600",26,10,0,0,FALSE,FALSE
"2601",26,8,415.704387990762,0,TRUE,FALSE
"2602",26,7,258.660508083141,0,TRUE,FALSE
"2603",26,5,46.189376443418,0,TRUE,FALSE
"2604",26,5,600.461893764434,106,TRUE,TRUE
"2605",26,1,177.829099307159,37,TRUE,TRUE
"2606",26,3,0,0,FALSE,FALSE
"2607",26,3,129.33025404157,70,TRUE,TRUE
"2608",26,11,0,0,FALSE,FALSE
"2609",26,13,0,0,FALSE,FALSE
"2610",26,1,0,0,FALSE,FALSE
"2611",26,6,0,0,FALSE,FALSE
"2612",26,5,240.184757505774,75,TRUE,TRUE
"2613",26,4,0,46,FALSE,TRUE
"2614",26,6,868.129330254042,65,TRUE,TRUE
"2615",26,6,186.143187066975,80,TRUE,TRUE
"2616",26,2,138.568129330254,1,TRUE,TRUE
"2617",26,4,0,0,FALSE,FALSE
"2618",26,1,60.0461893764434,0,TRUE,FALSE
"2619",26,4,272.517321016166,0,TRUE,FALSE
"2620",26,5,0,45,FALSE,TRUE
"2621",26,0,0,0,FALSE,FALSE
"2622",26,9,0,0,FALSE,FALSE
"2623",26,2,0,0,FALSE,FALSE
"2624",26,5,58.891454965358,30,TRUE,TRUE
"2625",26,4,0,0,FALSE,FALSE
"2626",26,14,877.598152424942,0,TRUE,FALSE
"2627",26,11,0,0,FALSE,FALSE
"2628",26,1,0,0,FALSE,FALSE
"2629",26,9,776.674364896074,0,TRUE,FALSE
"2630",26,14,124.711316397229,5,TRUE,TRUE
"2631",26,13,0,0,FALSE,FALSE
"2632",26,14,73.6720554272517,0,TRUE,FALSE
"2633",26,3,127.0207852194,0,TRUE,FALSE
"2634",26,5,184.757505773672,0,FALSE,FALSE
"2635",26,7,498.845265588915,15,TRUE,TRUE
"2636",26,2,0,0,FALSE,FALSE
"2637",26,11,323.325635103926,5,TRUE,TRUE
"2638",26,8,444.803695150115,53,TRUE,TRUE
"2639",26,0,0,0,FALSE,FALSE
"2640",26,5,434.411085450346,75,TRUE,TRUE
"2641",26,12,365.819861431871,5,TRUE,TRUE
"2642",26,6,167.43648960739,0,TRUE,FALSE
"2643",26,7,355.196304849885,0,TRUE,FALSE
"2644",26,6,46.189376443418,0,TRUE,FALSE
"2645",26,1,258.660508083141,46,TRUE,TRUE
"2646",26,0,84.0646651270208,0,TRUE,FALSE
"2647",26,1,582.217090069284,100,TRUE,TRUE
"2648",26,5,277.136258660508,40,TRUE,TRUE
"2649",26,1,0,0,FALSE,FALSE
"2650",26,11,231.408775981524,0,TRUE,FALSE
"2651",26,3,254.041570438799,75,TRUE,TRUE
"2652",21,1,0,0,FALSE,FALSE
"2653",21,10,0,0,FALSE,FALSE
"2654",21,2,58.891454965358,0,FALSE,FALSE
"2655",21,1,248.960739030023,60,TRUE,TRUE
"2656",21,2,0,0,FALSE,FALSE
"2657",21,10,203.233256351039,0,TRUE,FALSE
"2658",21,3,0,0,FALSE,FALSE
"2659",21,1,0,0,FALSE,FALSE
"2660",21,11,138.568129330254,0,TRUE,FALSE
"2661",21,4,0,0,FALSE,FALSE
"2662",21,10,297.921478060046,0,TRUE,FALSE
"2663",21,0,184.757505773672,0,TRUE,FALSE
"2664",21,8,0,0,FALSE,FALSE
"2665",21,4,223.094688221709,0,TRUE,FALSE
"2666",21,2,0,0,FALSE,FALSE
"2667",21,8,230.94688221709,65,TRUE,TRUE
"2668",21,2,228.175519630485,0,TRUE,FALSE
"2669",21,14,232.332563510393,0,TRUE,FALSE
"2670",21,0,0,0,FALSE,FALSE
"2671",21,2,180.369515011547,0,TRUE,FALSE
"2672",21,2,0,0,FALSE,FALSE
"2673",21,2,92.378752886836,0,TRUE,FALSE
"2674",21,13,88.2217090069284,0,TRUE,FALSE
"2675",21,4,0,0,FALSE,FALSE
"2676",21,9,180.13856812933,0,TRUE,FALSE
"2677",8,5,207.852193995381,0,TRUE,FALSE
"2678",8,9,101.61662817552,0,TRUE,FALSE
"2679",8,0,0,0,FALSE,FALSE
"2680",8,0,230.94688221709,0,TRUE,FALSE
"2681",8,7,108.083140877598,30,TRUE,TRUE
"2682",8,1,207.852193995381,0,TRUE,FALSE
"2683",8,13,420.323325635104,0,TRUE,FALSE
"2684",8,9,0,0,FALSE,FALSE
"2685",8,6,448.498845265589,45,TRUE,TRUE
"2686",8,1,0,0,FALSE,FALSE
"2687",8,1,74.8267898383372,0,TRUE,FALSE
"2688",8,8,393.071593533487,0,TRUE,FALSE
"2689",8,3,100.230946882217,5,TRUE,TRUE
"2690",8,1,200.923787528868,50,TRUE,TRUE
"2691",8,4,0,0,FALSE,FALSE
"2692",8,4,0,0,FALSE,FALSE
"2693",8,8,57.7367205542725,0,TRUE,FALSE
"2694",8,11,258.660508083141,0,TRUE,FALSE
"2695",8,12,84.0646651270208,0,FALSE,FALSE
"2696",8,2,221.709006928406,40,TRUE,TRUE
"2697",8,8,173.210161662818,0,TRUE,FALSE
"2698",8,9,482.678983833718,0,TRUE,FALSE
"2699",8,8,0,0,FALSE,FALSE
"2700",8,5,294.226327944573,84,TRUE,TRUE
"2701",8,7,206.004618937644,50,TRUE,TRUE
"2702",8,3,277.136258660508,0,TRUE,FALSE
"2703",8,3,0,0,FALSE,FALSE
"2704",8,8,329.33025404157,2,TRUE,TRUE
"2705",8,14,265.588914549654,0,TRUE,FALSE
"2706",35,14,0,25,FALSE,TRUE
"2707",35,8,137.413394919169,0,TRUE,FALSE
"2708",35,14,926.558891454965,60,TRUE,TRUE
"2709",35,4,0,0,FALSE,FALSE
"2710",35,1,52.6558891454965,0,TRUE,FALSE
"2711",35,7,0,0,FALSE,FALSE
"2712",35,10,351.501154734411,38,TRUE,TRUE
"2713",35,11,0,0,FALSE,FALSE
"2714",35,10,295.612009237875,0,TRUE,FALSE
"2715",35,0,376.674364896074,0,TRUE,FALSE
"2716",35,7,18.4757505773672,0,FALSE,FALSE
"2717",35,12,0,0,FALSE,FALSE
"2718",35,9,50.8083140877598,0,TRUE,FALSE
"2719",35,8,0,0,FALSE,FALSE
"2720",32,1,177.598152424942,70,TRUE,TRUE
"2721",32,11,161.662817551963,0,TRUE,FALSE
"2722",32,2,0,0,FALSE,FALSE
"2723",32,1,124.711316397229,0,TRUE,FALSE
"2724",32,13,258.660508083141,0,TRUE,FALSE
"2725",32,1,32.1016166281755,0,FALSE,FALSE
"2726",32,4,0,0,FALSE,FALSE
"2727",32,2,480.369515011547,32,TRUE,TRUE
"2728",32,4,240.646651270208,78,TRUE,TRUE
"2729",32,4,348.729792147806,213,TRUE,TRUE
"2730",32,14,369.515011547344,0,TRUE,FALSE
"2731",32,0,277.136258660508,70,TRUE,TRUE
"2732",32,1,129.33025404157,0,TRUE,FALSE
"2733",32,4,0,0,FALSE,FALSE
"2734",32,1,101.61662817552,40,TRUE,TRUE
"2735",32,0,0,70,FALSE,TRUE
"2736",32,12,325.173210161663,0,TRUE,FALSE
